Instrument,Instrument Is Active Flag,Cash and Short Term Investments,"Working Capital, Period over Period Average (Pvt)",Company Common Name,Operating Income,Tangible Book Value - Reported,Depreciation And Amortization,Earnings Before Interest & Taxes (EBIT) (Pvt),CIK Number,Total Equity,Tangible Book Value - Utility,Inventories (CF),Price,Net Sales,Pricing Volatility,Retained Earnings (Accumulated Deficit),Accounts Payable (CF),Geographic Earnings Before Interest and Taxes (EBIT),Market Value for Company,Delisted Quote Flag,"Working Capital, Period over Period % Change (Pvt)",Total Current Assets,Total Liabilities,"Total Assets, Reported",Tangible Book Value - Banks,"Net Income/Starting Line, Cumulative",Total Current Liabilities,Market Capitalisation,Stock Price,NAICS Industry Group Name,Tangible Book Value - Insurance,Tangible Book Value Per Share,Net Debt Incl. Pref.Stock & Min.Interest,Cash,Business Earnings Before Interest and Taxes (EBIT),Total Debt,"Total Inventory, 5 Year Compounded Annual Growth Rate (Pvt)"
1379009,1.0,275345000.0,,Gazit Globe Ltd,243513000.0,461600000.0,51859000.0,,1379009.0,461600000.0,461600000.0,,,386468000.0,,-7197000.0,3642000.0,,810680000.0,0.0,,436027000.0,4578814000.0,5040414000.0,461600000.0,72522000.0,429914000.0,,,Lessors of Real Estate,461600000.0,10.68861,4047638000.0,,,4047718000.0,
1379009,,395674000.0,,,308549000.0,708264000.0,99015000.0,,,708264000.0,708264000.0,,,707761000.0,,,13699000.0,,923380000.0,,,557631000.0,6001073000.0,6709337000.0,708264000.0,84692000.0,528777000.0,,,,708264000.0,13.27885,5284656000.0,,,5087059000.0,
1270484,0.0,23783000.0,,Verifone Israel Ltd,9609000.0,44234000.0,1844000.0,,1270484.0,52992000.0,44234000.0,2935000.0,,62958000.0,,28126000.0,2014000.0,,,1.0,,46534000.0,11555000.0,64547000.0,44234000.0,5101000.0,8029000.0,,,Computer and Peripheral Equipment Manufacturing,44234000.0,2.20556,-22521000.0,,,1262000.0,
1270484,,23783000.0,,,9609000.0,44234000.0,1844000.0,,,52992000.0,44234000.0,2935000.0,,62958000.0,,28126000.0,2014000.0,,,,,46534000.0,11555000.0,64547000.0,44234000.0,5101000.0,8029000.0,,,,44234000.0,2.20556,-22521000.0,,,1262000.0,
1698287,1.0,,,Banco Santander Mexico SA Institucion de Banca Multiple Grupo Financiero Santander,,9276011000.0,,,1698287.0,9276011000.0,9276011000.0,,,,,-6123282000.0,,,25313060000.0,0.0,,,122437499000.0,131713510000.0,9276011000.0,984677000.0,,,,Depository Credit Intermediation,9276011000.0,1.90869,,,,34182785000.0,
1698287,,,,,,22975252000.0,,,,23206610000.0,22975252000.0,,,,,-1657480000.0,,,30800470000.0,,,,199368066000.0,222574676000.0,22975252000.0,5863151000.0,,,,,22975252000.0,4.02366,,,,41909872000.0,
1337117,1.0,,,Ituran Location and Control Ltd,,,,,1337117.0,,,,,,,,,,,0.0,,,,,,,,,,Investigation and Security Services,,,,,,,
1337117,,,,,4279000.0,,,,,,,363000.0,,41835000.0,,,2692000.0,,,,,,,,,869000.0,,,,,,,,,,,
1119775,0.0,7491494.0,,Metal Storm Ltd,-2608510.0,7428826.0,24169.0,,1119775.0,7428826.0,7428826.0,,,136381.0,,-8481646.0,,,613940000.0,1.0,,7749327.0,390331.0,7819157.0,7428826.0,,370636.0,,,Aerospace Product and Parts Manufacturing,7428826.0,0.017637,-7491494.0,4488809.0,,0.0,
1119775,,6128084.0,,,-5686257.0,6392479.0,58023.0,,1163576.0,6392479.0,6392479.0,,,682738.0,,-15191929.0,,,208470000.0,,,6682334.0,517039.0,6905600.0,6392479.0,,456326.0,,,,6392479.0,0.0151,-6128084.0,2634156.0,,0.0,
1579695,0.0,6276000.0,,Biotie Therapies Ltd,-6684000.0,5976000.0,139000.0,,1579695.0,6950000.0,5976000.0,,,173000.0,,-10625000.0,,,75290000.0,1.0,,6683000.0,982000.0,7935000.0,5976000.0,-6684000.0,636000.0,,,Scientific Research and Development Services,5976000.0,0.57917,-5930000.0,,,243000.0,
1579695,,6276000.0,,,-6684000.0,5976000.0,139000.0,,,6950000.0,5976000.0,,,173000.0,,-10625000.0,,,11700000.0,,,6683000.0,982000.0,7935000.0,5976000.0,-6684000.0,636000.0,,,,5976000.0,0.57917,-5930000.0,,,243000.0,
1619762,1.0,,,International Game Technology PLC,,,,,1619762.0,,,,,,,,,,,0.0,,,,,,,,,,Gambling Industries,,,,,,,
1166272,1.0,3200000.0,,Genetic Technologies Ltd,-3443000.0,10610000.0,3466000.0,,1166272.0,37973000.0,10610000.0,,,5023000.0,,-17548000.0,,,70040000.0,0.0,,3381000.0,1712000.0,39685000.0,10610000.0,,1618000.0,,,Medical and Diagnostic Laboratories,10610000.0,0.03841,-2286000.0,646000.0,,820000.0,
1166272,,8012000.0,,,-8887000.0,7123000.0,4094000.0,,,31107000.0,7123000.0,,,3125000.0,,-8244000.0,,,45770000.0,,,8246000.0,1893000.0,33000000.0,7123000.0,,1865000.0,,,,7123000.0,0.02544,-7284000.0,7160000.0,,700000.0,
1661920,1.0,275483.0,,Lonestar Resources US Inc,533654.0,6137301.0,1339503.0,,1661920.0,6609558.0,6137301.0,,,5798787.0,,1180643.0,,,5440000.0,0.0,,890849.0,3343112.0,9952670.0,6137301.0,,1058490.0,,,Oil and Gas Extraction,6137301.0,3.63124,2874943.0,,,3181093.0,
1661920,,233770.0,,,-421545.0,5692720.0,1722792.0,,,6158570.0,5692720.0,,,4010956.0,,187579.0,,,10890000.0,,,1074215.0,3106042.0,9264612.0,5692720.0,,1327700.0,,,,5692720.0,3.374922,2678496.0,,,2954514.0,
1660046,1.0,4843000.0,,Immuron Ltd,-1553000.0,7128000.0,47000.0,,1660046.0,7475000.0,7128000.0,,,488000.0,,-4570000.0,,,26460000.0,0.0,,5563000.0,357000.0,7832000.0,7128000.0,,357000.0,,,Pharmaceutical and Medicine Manufacturing,7128000.0,2.27536,-4843000.0,,,0.0,
1660046,,3376000.0,,,-1700000.0,5994000.0,151000.0,,1416282.0,6323000.0,5994000.0,,,1982000.0,,-6269000.0,,,15700000.0,,,4364000.0,254000.0,6576000.0,5994000.0,,254000.0,,,,5994000.0,1.8285,-3376000.0,,,0.0,
1351288,1.0,1729000.0,,GW Pharmaceuticals PLC,-2386000.0,1755000.0,,,1351288.0,1755000.0,1755000.0,,,,,1753000.0,40000.0,,,0.0,,1916000.0,269000.0,2024000.0,1755000.0,-2386000.0,265000.0,,,Scientific Research and Development Services,1755000.0,0.01828,-1724000.0,1729000.0,,5000.0,
1351288,,25650000.0,,,-7725000.0,25584000.0,,,,32576000.0,25584000.0,,,,,8989000.0,1492000.0,,,,,26626000.0,1782000.0,34358000.0,25584000.0,-7725000.0,1762000.0,,,,25584000.0,0.26642,-25646000.0,25650000.0,,4000.0,
1444331,1.0,309727.0,,Paladin Energy Ltd,-963691.0,3140205.0,,,1444331.0,3140205.0,3140205.0,,,40266.0,,-6348386.0,,,4630000.0,0.0,,326082.0,496790.0,3637506.0,3140205.0,,180419.0,,,Metal Ore Mining,3140205.0,0.018558,-8689.0,294905.0,,301038.0,
1444331,,161667.0,,,-1164218.0,2609210.0,,,,2609210.0,2609210.0,,,135459.0,,-8149276.0,,,3640000.0,,,279961.0,575694.0,3185467.0,2609210.0,,152091.0,,,,2609210.0,0.010297,250669.0,161667.0,,412336.0,
1335730,1.0,,,Mizuho Financial Group Inc,,,,,1335730.0,,,,,,,,,,2457963000000.0,0.0,,,,,,,,,,Depository Credit Intermediation,,,,,,,
1335730,,,,,,,,,,,,,,,,,,,1046757000000.0,,,,,,,,,,,,,,,,,,
1539042,1.0,495000.0,,Bluenrgy Group Ltd,-22535000.0,-346000.0,2563000.0,,1539042.0,6718000.0,-346000.0,,,225000.0,,-33527000.0,,,,0.0,,575000.0,1279000.0,7997000.0,-346000.0,,482000.0,,,Building Equipment Contractors,-346000.0,-4.36098,302000.0,495000.0,,797000.0,
1539042,,11000.0,,,-11340000.0,-1490000.0,2184000.0,,,-1490000.0,-1490000.0,,,372000.0,,-44120000.0,,,,,,73000.0,1789000.0,299000.0,-1490000.0,,666000.0,,,,-1490000.0,-14.16754,1119000.0,11000.0,,2139000.0,
1207179,1.0,19972000.0,,Golar LNG Ltd,47833000.0,247595000.0,36488000.0,,1207179.0,257034000.0,247595000.0,257000.0,,113009000.0,,,274000.0,,,0.0,,38536000.0,560956000.0,817990000.0,247595000.0,-504000.0,33654000.0,,,"Deep Sea, Coastal, and Great Lakes Water Transportation",247595000.0,4.42039,519939000.0,,,513900000.0,
1207179,,57569000.0,,,47946000.0,174397000.0,31614000.0,,,174397000.0,174397000.0,-591000.0,,114223000.0,,,196000.0,,360720000.0,,,77433000.0,681594000.0,855991000.0,174397000.0,4366000.0,155946000.0,,,,174397000.0,3.11356,577858000.0,,,609607000.0,
1280728,1.0,73681043000.0,,Interconnection Electric SA ESP,217452088000.0,1864116811000.0,27779322000.0,,1280728.0,1864116811000.0,1864116811000.0,,,,,988638300000.0,,,123279900000.0,0.0,,288003800000.0,1836983356000.0,3701100167000.0,1864116811000.0,,290750412000.0,,,"Electric Power Generation, Transmission and Distribution",1864116811000.0,1566.89948,1534469327000.0,,,1608150370000.0,
1280728,,95483480000.0,,,252009524000.0,2007992296000.0,46738030000.0,,,2007992296000.0,2007992296000.0,,,,,1124088098000.0,,,116724900000.0,,,304274504000.0,1756987231000.0,3764979527000.0,2007992296000.0,,324501569000.0,,,,2007992296000.0,1687.83526,1431786070000.0,,,1527269550000.0,
1131343,1.0,4470000.0,,Alterity Therapeutics Ltd,-1326000.0,4841000.0,655000.0,,1131343.0,20729000.0,4841000.0,,,79000.0,,13255000.0,,,22490000.0,0.0,,4832000.0,148000.0,20877000.0,4841000.0,,148000.0,,,Scientific Research and Development Services,4841000.0,0.09585,-4470000.0,,,0.0,
1131343,,3585000.0,,,-5450000.0,2981000.0,1161000.0,,,16669000.0,2981000.0,,,794000.0,,3668000.0,,,87820000.0,,,3753000.0,912000.0,17580000.0,2981000.0,,912000.0,,,,2981000.0,0.05086,-3585000.0,,,0.0,
1408276,1.0,,,Seven Arts Entertainment Inc,,,,,1408276.0,,,,,,,,,,,0.0,,,,,,,,,,Motion Picture and Video Industries,,,,,,,
1408276,,336393.0,,,-306493.0,370603.0,,,,1713325.0,370603.0,-73386.0,,86336.0,,-300758.0,-43168.0,,,,,456126.0,135413.0,1845887.0,370603.0,-306493.0,128286.0,,,,370603.0,,-329266.0,336393.0,,7127.0,
1021604,1.0,17483000.0,,On Track Innovations Ltd,-9422000.0,19727000.0,472000.0,,1021604.0,23204000.0,19727000.0,-1482000.0,,13077000.0,,-18312000.0,61000.0,,,0.0,,29070000.0,14627000.0,37831000.0,19727000.0,-8295000.0,10187000.0,,,Semiconductor and Other Electronic Component Manufacturing,19727000.0,13.15335,-10927000.0,,,6556000.0,
1021604,,7976000.0,,,-10236000.0,8640000.0,1124000.0,,,14370000.0,8640000.0,112000.0,,19888000.0,,-29996000.0,-83000.0,,8570000.0,,,17048000.0,15592000.0,29962000.0,8640000.0,-11684000.0,8974000.0,,,,8640000.0,5.43632,108000.0,,,8084000.0,
1264136,1.0,,,Woori Financial Group Inc,,2436077000000.0,,,1264136.0,2436077000000.0,2436077000000.0,,,,,-336780000000.0,,,,0.0,,,70345984000000.0,72782061000000.0,2436077000000.0,-2325201000000.0,,,,Depository Credit Intermediation,2436077000000.0,4406.15866,,,,16131727000000.0,
1264136,,,,,,2930363000000.0,,,,2930363000000.0,2930363000000.0,,,,,205055000000.0,,,,,,,76155965000000.0,79086328000000.0,2930363000000.0,705352000000.0,,,,,2930363000000.0,5300.17906,,,,13939200000000.0,
67088,1.0,,,Mitsubishi UFJ Financial Group Inc,,2757096000000.0,,,67088.0,3201296000000.0,2757096000000.0,,,,,495560000000.0,,,5047625000000.0,0.0,,,90287657000000.0,93488953000000.0,2757096000000.0,-59174000000.0,,,,Depository Credit Intermediation,2757096000000.0,501.29018,,,,13772520000000.0,
67088,,,,,,2880244000000.0,,,1180081.0,3324444000000.0,2880244000000.0,,,,,1189718000000.0,,,3703888000000.0,,,,96172385000000.0,99496829000000.0,2880244000000.0,-297084000000.0,,,,,2880244000000.0,501.56884,,,,18858390000000.0,
1718226,1.0,1693789.0,,Piedmont Lithium Ltd,1068381.0,6472072.0,2244674.0,,1718226.0,8292614.0,6472072.0,,,54008551.0,,5710020.0,,,17570000.0,0.0,,11669969.0,14973726.0,23266340.0,6472072.0,,9075109.0,,,Nonmetallic Mineral Mining and Quarrying,6472072.0,1.208493,3039518.0,1693789.0,,2007605.0,
1718226,,3090833.0,,,-1756264.0,6676243.0,1560659.0,,1728205.0,6952261.0,6676243.0,,,38056750.0,,4105901.0,,,6960000.0,,,8223068.0,4437122.0,11389383.0,6676243.0,,4108717.0,,,,6676243.0,1.246619,-3017040.0,194902.0,,73792.0,
1692528,,,,,,,,,,,,,,,,,,,,,,,,,,,,,,,,,,,,,
1314102,1.0,,,EyePoint Pharmaceuticals Inc,,,,,1314102.0,,,,,,,,,,,0.0,,,,,,,,,,Scientific Research and Development Services,,,,,,,
1314102,,,,,-2090990.0,,20397.0,,,,,,,,,,,,,,,,,,,,,,,,,,,,,,
1445162,1.0,,,Byd Co Ltd,,,,,1445162.0,,,,,,,,,,,0.0,,,,,,,,,,Motor Vehicle Manufacturing,,,,,,,
1095981,1.0,44484000.0,,Plus Therapeutics Inc,-9609000.0,49335000.0,,,1207924.0,49335000.0,49335000.0,-1143000.0,,6251000.0,,-15892000.0,,,,0.0,,48337000.0,2934000.0,52269000.0,49335000.0,-8645000.0,1479000.0,,,Scientific Research and Development Services,49335000.0,24916.66667,-44114000.0,,,370000.0,
1095981,,33951000.0,,,-13184000.0,38486000.0,,,1095981.0,38486000.0,38486000.0,-1157000.0,,5648000.0,,-27099000.0,,,44570000.0,,,36950000.0,4657000.0,43143000.0,38486000.0,-11207000.0,1831000.0,,,,38486000.0,19536.04061,-31349000.0,,,2602000.0,
1191255,1.0,4355000000.0,,China Telecom Corp Ltd,10686000000.0,97485000000.0,30175000000.0,,1191255.0,97485000000.0,97485000000.0,-102000000.0,,100497000000.0,,97485000000.0,1293000000.0,,,0.0,,14128000000.0,91849000000.0,189334000000.0,97485000000.0,10133000000.0,57444000000.0,,,Wired Telecommunications Carriers,97485000000.0,1.16625,26183000000.0,,,29598000000.0,
1191255,,4355000000.0,,,10686000000.0,97485000000.0,30175000000.0,,,97485000000.0,97485000000.0,-102000000.0,,100497000000.0,,97485000000.0,1293000000.0,,103591400000.0,,,14128000000.0,91849000000.0,189334000000.0,97485000000.0,10133000000.0,57444000000.0,,,,97485000000.0,1.16625,26183000000.0,,,29598000000.0,
1552795,1.0,7000.0,,Benitec Biopharma Ltd,-1539000.0,886000.0,,,1552795.0,994000.0,886000.0,,,240000.0,,-6524000.0,,,5220000.0,0.0,,574000.0,1387000.0,2380000.0,886000.0,,1372000.0,,,Scientific Research and Development Services,886000.0,0.6775,9000.0,7000.0,,16000.0,
1552795,,1701000.0,,,-1124000.0,527000.0,,,,15133000.0,527000.0,,,310000.0,,-7648000.0,,,18840000.0,,,2137000.0,2094000.0,17228000.0,527000.0,,1229000.0,,,,527000.0,0.15922,-851000.0,1701000.0,,850000.0,
1476170,0.0,,,Unilife Corp,,,,,1476170.0,,,,,,,,,,,0.0,,,,,,,,,,Medical Equipment and Supplies Manufacturing,,,,,,,
1228028,,,,Holcim (Australia) Holdings Pty Ltd,,,,,1228028.0,,,,,,,,,,,,,,,,,,,,,Nonmetallic Mineral Mining and Quarrying,,,,,,,
1276671,1.0,,,Itau Corpbanca,,174928000000.0,,,1276671.0,174928000000.0,174928000000.0,,,,,29419000000.0,,,,0.0,,,1819741900000.0,1994669900000.0,174928000000.0,29296800000.0,,,,Depository Credit Intermediation,174928000000.0,1.00647,,,,0.0,
1276671,,,,,,174928000000.0,,,,174928000000.0,174928000000.0,,,,,29419000000.0,,,469702000000.0,,,,1819741900000.0,1994669900000.0,174928000000.0,29296800000.0,,,,,174928000000.0,1.00647,,,,0.0,
1561680,1.0,,,TRI Pointe Group Inc,,,,,1561680.0,,,,,,,,,,,0.0,,,,,,,,,,Residential Building Construction,,,,,,,
1301357,1.0,,,Pharmaxis Ltd,,,,,1301357.0,,,,,,,,,,,0.0,,,,,,,,,,Scientific Research and Development Services,,,,,,,
1301357,,751000.0,,,-602000.0,746000.0,,,,1953000.0,746000.0,,,43000.0,,-1447000.0,,,,,,820000.0,190000.0,2143000.0,746000.0,,190000.0,,,,746000.0,0.00657,-751000.0,751000.0,,0.0,
1268896,1.0,,,China Life Insurance Co Ltd,,,,,1280389.0,,,,,,,,,,,0.0,,,,,,,,,,Insurance Carriers,,,,,,,
1268896,,,,,,,,,1268896.0,,,,,,,,,,,,,,,,,,,,,,,,,,,,
1274173,1.0,,,Janus Henderson Group PLC,,,,,1274173.0,,,,,,,,,,,0.0,,,,,,,,,,Other Financial Investment Activities,,,,,,,
1274173,,40384089.0,,,266242768.0,616231284.0,,,,1736515827.0,616231284.0,,,10748039015.0,,526488864.0,39331318.0,,,,,1791856986.0,57372329106.0,59108844933.0,616231284.0,7563715.0,1371563319.0,,,,616231284.0,3.298857,2445480945.0,40384089.0,,2485865034.0,
853927,,20999000.0,,American Media Operations Inc,62570000.0,-816300000.0,76733000.0,,853927.0,186493000.0,-816300000.0,-1127000.0,,351638000.0,,-36807000.0,803000.0,,,,,65849000.0,948497000.0,1134990000.0,-816300000.0,-15296000.0,114315000.0,,,"Newspaper, Periodical, Book, and Directory Publishers",-816300000.0,-108695.07324,659875000.0,,,680874000.0,
853927,,18676000.0,,,46833000.0,-856153000.0,88170000.0,,,89368000.0,-856153000.0,-3913000.0,,348724000.0,,-134023000.0,117000.0,,,,,70587000.0,994124000.0,1083492000.0,-856153000.0,-21482000.0,94528000.0,,,,-856153000.0,-114001.73103,730533000.0,,,749209000.0,
923649,,1000.0,,California Petroleum Transport Corp,0.0,1000.0,,,923649.0,1000.0,1000.0,,,15210000.0,,,,,,,,21835000.0,181114000.0,181115000.0,1000.0,0.0,21834000.0,,,"Deep Sea, Coastal, and Great Lakes Water Transportation",1000.0,1.0,177439000.0,,,177440000.0,
923649,,1000.0,,,0.0,1000.0,,,,1000.0,1000.0,,,15210000.0,,,,,,,,21835000.0,181114000.0,181115000.0,1000.0,0.0,21834000.0,,,,1000.0,1.0,177439000.0,,,177440000.0,
1637505,,,,Utac Cayman Ltd,,,,,1637505.0,,,,,,,,,,,,,,,,,,,,,Management of Companies and Enterprises,,,,,,,
1637505,,,,,,,,,1722577.0,,,,,,,,,,,,,,,,,,,,,,,,,,,,
899045,,,,Olympus Media/Indiana LLC,,,,,899045.0,,,,,,,,,,,,,,,,,,,,,Other Investment Pools and Funds,,,,,,,
899045,,,,,,,,,1768835.0,,,,,,,,,,,,,,,,,,,,,,,,,,,,
1113306,1.0,,,Maxcom Telecomunicaciones SAB de CV,,,,,1113306.0,,,,,,,,,,,0.0,,,,,,,,,,Wired Telecommunications Carriers,,,,,,,
1113306,,115729000.0,,,-418437000.0,70100000.0,317564000.0,,,600443000.0,70100000.0,10999000.0,,535939000.0,,-1085547000.0,,,,,,295536000.0,2047589000.0,2648032000.0,70100000.0,-732703000.0,202121000.0,,,,70100000.0,399.77188,1729739000.0,,,1845468000.0,
1064116,,8078000.0,,Mediacom LLC,-50215000.0,-417423000.0,177928000.0,,1064116.0,262997000.0,-417423000.0,,,328258000.0,,-276883000.0,,,,,,28601000.0,1112775000.0,1375772000.0,-417423000.0,-149224000.0,1112775000.0,,,Cable and Other Subscription Programming,-417423000.0,-417.423,978922000.0,,,987000000.0,
1064116,,11448000.0,,,-55423000.0,-591062000.0,221645000.0,,,13991000.0,-591062000.0,,,369275000.0,,-529207000.0,,,,,,38056000.0,1552054000.0,1566045000.0,-591062000.0,-127324000.0,1552054000.0,,,,-591062000.0,-591.062,1414052000.0,,,1425500000.0,
1216596,0.0,,,Nortek Inc,,,,,1216596.0,,,,,,,,,,,1.0,,,,,,,,,,Household Appliance Manufacturing,,,,,,,
1260349,,,,Southern Star Central Corp,,,,,1260349.0,,,,,,,,,,,,,,,,,,,,,Pipeline Transportation of Natural Gas,,,,,,,
1487326,1.0,,,OceanaGold Corp,,,,,1487326.0,,,,,,,,,,,0.0,,,,,,,,,,Metal Ore Mining,,,,,,,
1378140,1.0,,,Ocean Power Technologies Inc,,,,,1378140.0,,,,,,,,,,,0.0,,,,,,,,,,"Engine, Turbine, and Power Transmission Equipment Manufacturing",,,,,,,
1378140,,,,,-4700000.0,,,,,,,,,1375000.0,,,,,,,,,,,,,,,,,,,,,,,
1653242,1.0,,,Bank of N.T. Butterfield & Son Ltd,,,,,1653242.0,,,,,,,,,,,0.0,,,,,,,,,,Depository Credit Intermediation,,,,,,,
1313730,0.0,,,Atlantic Southern Financial Group Inc,,,,,1313730.0,,,,,,,,,,,1.0,,,,,,,,,,Depository Credit Intermediation,,,,,,,
1138118,1.0,,,CBRE Group Inc,,,,,1138118.0,,,,,,,,,,,0.0,,,,,,,,,,Activities Related to Real Estate,,,,,,,
1138118,,,,,62732000.0,,12198000.0,,,,,,,562828000.0,,,,,,,,,,,,17426000.0,,,,,,,,,,,
1270532,0.0,2376000.0,,MNC Media Investment Ltd,-1826000.0,-3266000.0,,,1270532.0,2556000.0,-3266000.0,,,,,-3275000.0,,,,1.0,,2939000.0,620000.0,3176000.0,-3266000.0,-1805000.0,620000.0,,,Travel Arrangement and Reservation Services,-3266000.0,-0.03354,3446000.0,,,0.0,
1270532,,3036000.0,,,-582000.0,-3911000.0,,,,3055000.0,-3911000.0,,,,,-3920000.0,,,,,,3725000.0,908000.0,3962000.0,-3911000.0,-536000.0,908000.0,,,,-3911000.0,-0.04016,3930000.0,,,0.0,
1279363,1.0,,,WellCare Health Plans Inc,21405000.0,,,,1279363.0,,,,,750284000.0,,,11600000.0,,,0.0,,,,,,21405000.0,,,,Outpatient Care Centers,,,,,,,
1279363,,146784000.0,,,37393000.0,-59118000.0,,,,74917000.0,-59118000.0,,,921837000.0,,4657000.0,14321000.0,,,,,172467000.0,334587000.0,409504000.0,-59118000.0,32588000.0,248982000.0,,,,-59118000.0,-2.02254,9511000.0,,,156295000.0,
1057436,0.0,,,Strategic Hotels & Resorts Inc,24897000.0,,118690000.0,,1057436.0,,,,,632366000.0,,,,,,1.0,,,,,,-116659000.0,,,,Lessors of Real Estate,,,,,,,
1057436,,163151000.0,,,53213000.0,-149297000.0,104302000.0,,,117615000.0,-149297000.0,,,590885000.0,,-406965000.0,,,,,,,2152042000.0,2269657000.0,-149297000.0,-50303000.0,,,,,-149297000.0,-3.35439,1803802000.0,,,1749175000.0,
1358575,1.0,,,Cipher Pharmaceuticals Inc,,,,,1358575.0,,,,,,,,,,,0.0,,,,,,,,,,Pharmaceutical and Medicine Manufacturing,,,,,,,
1260041,1.0,,,John Hancock Tax Advantaged Dividend Income Fund,,,,,1260041.0,,,,,,,,,,,0.0,,,,,,,,,,Other Investment Pools and Funds,,,,,,,
1268884,1.0,,,CBRE Clarion Global Real Estate Income Fund,,,,,1268884.0,,,,,,,,,,,0.0,,,,,,,,,,Other Investment Pools and Funds,,,,,,,
1263994,1.0,,,Reaves Utility Income Fund,,,,,1263994.0,,,,,,,,,,,0.0,,,,,,,,,,Other Investment Pools and Funds,,,,,,,
1270131,1.0,,,LMP Capital And Income Fund Inc,,,,,1270131.0,,,,,,,,,,,0.0,,,,,,,,,,Other Investment Pools and Funds,,,,,,,
1268533,1.0,,,Tortoise Energy Infrastructure Corp,,,,,1268533.0,,,,,,,,,,,0.0,,,,,,,,,,Other Investment Pools and Funds,,,,,,,
1267902,1.0,,,Western Asset Inflation-Linked Opportunities & Income Fund,,,,,1267902.0,,,,,,,,,,,0.0,,,,,,,,,,Other Investment Pools and Funds,,,,,,,
1280058,1.0,,,Blackbaud Inc,22374000.0,,2239000.0,,1280058.0,,,,,90034000.0,,,-1234000.0,,,0.0,,,,,,8906000.0,,,,Software Publishers,,,,,,,
1280058,,18703000.0,,,29015000.0,32655000.0,1045000.0,,,33507000.0,32655000.0,,,105229000.0,,23000000.0,69000.0,,,,,35217000.0,99400000.0,132907000.0,32655000.0,15640000.0,54214000.0,,,,32655000.0,0.77088,31778000.0,,,50481000.0,
1061937,,352000000.0,,Host Hotels & Resorts LP,520000000.0,1496000000.0,346000000.0,,1061937.0,1497000000.0,1496000000.0,,,3558000000.0,,,,,,,,,6837000000.0,8334000000.0,1496000000.0,57000000.0,,,,Traveler Accommodation,1496000000.0,1496.0,6045000000.0,,,6094000000.0,
1061937,,352000000.0,,,520000000.0,1496000000.0,346000000.0,,,1497000000.0,1496000000.0,,,3558000000.0,,,,,,,,,6837000000.0,8334000000.0,1496000000.0,57000000.0,,,,,1496000000.0,1496.0,6045000000.0,,,6094000000.0,
1167609,,,,BRIGHTHOUSE LIFE INSURANCE OF NY Co,,,,,1167609.0,,,,,,,,,,,,,,,,,,,,,Insurance Carriers,,,,,,,
1161364,,,,Mediacom Broadband LLC,,,,,1161364.0,,,,,,,,,,,,,,,,,,,,,Radio and Television Broadcasting,,,,,,,
1660734,1.0,,,Triton International Ltd,,,,,1660734.0,,,,,,,,,,,0.0,,,,,,,,,,Commercial and Industrial Machinery and Equipment Rental and Leasing,,,,,,,
1660734,,,,,-43563000.0,,150256000.0,,,,,,,328001000.0,,,2068000.0,,,,,,,,,-63157000.0,,,,,,,,,,,
352736,,,,Allstate Life Insurance Co,,,,,352736.0,,,,,,,,,,,,,,,,,,,,,Insurance Carriers,,,,,,,
1651595,1.0,,,Basilea Pharmaceutica AG,,,,,1651595.0,,,,,,,,,,,0.0,,,,,,,,,,Scientific Research and Development Services,,,,,,,
1692063,1.0,,,Schneider National Inc,,,,,1692063.0,,,,,,,,,,,0.0,,,,,,,,,,Specialized Freight Trucking,,,,,,,
1178670,1.0,,,Alnylam Pharmaceuticals Inc,,,,,1178670.0,,,,,,,,,,,0.0,,,,,,,,,,Pharmaceutical and Medicine Manufacturing,,,,,,,
1107389,0.0,,,Archipelago Holdings Inc,-37423000.0,,10115000.0,,1107389.0,,,,,172253000.0,,,2793000.0,,,1.0,,,,,,-38018000.0,,,,Securities and Commodity Exchanges,,,,,,,
1107389,,50935000.0,,,-34323000.0,78736000.0,17681000.0,,1301857.0,303282000.0,78736000.0,,,357412000.0,,,-2516000.0,,,,,95191000.0,73137000.0,376420000.0,78736000.0,-35639000.0,73137000.0,,,,78736000.0,2.17687,-50935000.0,,,0.0,
1274913,0.0,,,Inhibitex LLC,-8675000.0,,,,1274913.0,,,,,271000.0,,,-207000.0,,,1.0,,,,,,-8106000.0,,,,Pharmaceutical and Medicine Manufacturing,,,,,,,
1274913,,29658000.0,,,-18043000.0,-40626000.0,,,,26049000.0,-40626000.0,,,900000.0,,-45686000.0,249000.0,,,,,30135000.0,5895000.0,31941000.0,-40626000.0,-17613000.0,4299000.0,,,,-40626000.0,-2.20846,37822000.0,,,805000.0,
1142596,1.0,,,NuVasive Inc,-17486000.0,,,,1142596.0,,,-3395000.0,,2564000.0,,,,,,0.0,,,,,,-17902000.0,,,,Medical Equipment and Supplies Manufacturing,,,,,,,
1142596,,6906000.0,,,-14855000.0,9356000.0,,,,9384000.0,9356000.0,-529000.0,,12260000.0,,-54564000.0,,,,,,12470000.0,5548000.0,14932000.0,9356000.0,-15110000.0,5219000.0,,,,9356000.0,0.62361,-5103000.0,,,1775000.0,
1106942,0.0,,,Blackboard Inc,-40319000.0,,9271000.0,,1106942.0,,,-883000.0,,46725000.0,,,-1017000.0,,,1.0,,,,,,-41785000.0,,,,Software Publishers,,,,,,,
1106942,,20372000.0,,,-14227000.0,-122538000.0,5519000.0,,,6818000.0,-122538000.0,192000.0,,69946000.0,,-131232000.0,-864000.0,,,,,48037000.0,64322000.0,71140000.0,-122538000.0,-41651000.0,57439000.0,,,,-122538000.0,-5.45015,105454000.0,,,11855000.0,
1275187,1.0,,,AngioDynamics Inc,-290000.0,,,,1275187.0,,,232000.0,,23390000.0,,,,,,0.0,,,,,,343000.0,,,,Medical Equipment and Supplies Manufacturing,,,,,,,
1275187,,2843000.0,,,2388000.0,-1452000.0,,,,-295000.0,-1452000.0,-2555000.0,,30890000.0,,-12129000.0,,,,,,15878000.0,20942000.0,20647000.0,-1452000.0,1009000.0,5777000.0,,,,-1452000.0,-0.15783,13305000.0,,,16148000.0,
1282398,0.0,,,WCA Waste Corp,11061000.0,,6684000.0,,1282398.0,,,,,57721000.0,,,,,,1.0,,,,,,-426000.0,,,,Waste Treatment and Disposal,,,,,,,
1282398,,0.0,,,13165000.0,-17283000.0,6229000.0,,,17734000.0,-17283000.0,,,62162000.0,,861000.0,,,,,,14340000.0,104934000.0,122668000.0,-17283000.0,1176000.0,18241000.0,,,,-17283000.0,-17283.0,84713000.0,,,84713000.0,
1125011,0.0,,,Kanbay International Inc,-3691000.0,,2437000.0,,1125011.0,,,,,69654000.0,,,-117000.0,,,1.0,,,,,,-3788000.0,,,,Computer Systems Design and Related Services,,,,,,,
1125011,,10127000.0,,,3136000.0,24806000.0,2682000.0,,,24809000.0,24806000.0,,,82589000.0,,-30759000.0,-5000.0,,,,,23553000.0,26320000.0,51129000.0,24806000.0,2776000.0,16436000.0,,,,24806000.0,1.25991,-8010000.0,,,2114000.0,
1091171,0.0,,,Blue Nile Inc,-5315000.0,,,,1091171.0,,,7430000.0,,48674000.0,,,1168000.0,,,1.0,,,,,,-7360000.0,,,,Electronic Shopping and Mail-Order Houses,,,,,,,
1091171,,22597000.0,,,3627000.0,-54560000.0,,,,-54560000.0,-54560000.0,1438000.0,,72120000.0,,-56488000.0,10538000.0,,,,,28963000.0,85474000.0,30914000.0,-54560000.0,1627000.0,27184000.0,,,,-54560000.0,-16.08965,43652000.0,,,66249000.0,
312257,1.0,,,Innovative Food Holdings Inc,,,,,312257.0,,,,,,,,,,990000.0,0.0,,,,,,,,,,Seafood Product Preparation and Packaging,,,,,,,
312257,,,,,,,,,,,,,,,,,,,990000.0,,,,,,,,,,,,,,,,,,
1282977,1.0,,,Greenhill & Co Inc,34796000.0,,3626000.0,,1282977.0,,,,,99963000.0,,,13244000.0,,,0.0,,,,,,34984000.0,,,,Securities and Commodity Contracts Intermediation and Brokerage,,,,,,,
1282977,,17939000.0,,,75812000.0,41673000.0,3429000.0,,,41673000.0,41673000.0,,,112607000.0,,,-22579000.0,,,,,,22121000.0,63795000.0,41673000.0,57817000.0,,,,,41673000.0,1.3891,-10181000.0,,,0.0,
1671013,1.0,,,Cardtronics PLC,-2558000.0,,1511000.0,,1671013.0,,,-2192000.0,,45088000.0,,,2376000.0,,,0.0,,,,,,-2040000.0,,,,Computer Systems Design and Related Services,,,,,,,
1671013,,3184000.0,,,1235000.0,-18947000.0,3291000.0,,,10324000.0,-18947000.0,1293000.0,,68786000.0,,,-3701000.0,,,,,10494000.0,24515000.0,34839000.0,-18947000.0,142000.0,8311000.0,,,,-18947000.0,-1.00435,34837000.0,,,18788000.0,
1138812,0.0,,,Cotherix Inc,-3060000.0,,,,1138812.0,,,,,40000.0,,,132000.0,,,1.0,,,,,,-2883000.0,,,,Pharmaceutical and Medicine Manufacturing,,,,,,,
1138812,,1657000.0,,,-4756000.0,-8560000.0,,,,1575000.0,-8560000.0,,,44000.0,,-8582000.0,-137000.0,,,,,1823000.0,393000.0,1968000.0,-8560000.0,-4684000.0,393000.0,,,,-8560000.0,-0.43697,8478000.0,,,0.0,
1235010,1.0,,,Momenta Pharmaceuticals Inc,-373000.0,,,,1235010.0,,,,,0.0,,,33000.0,,,0.0,,,,,,-371000.0,,,,Scientific Research and Development Services,,,,,,,
1235010,,1471000.0,,,-4886000.0,-4830000.0,,,,1597000.0,-4830000.0,,,0.0,,-5785000.0,254000.0,,,,,1524000.0,905000.0,2501000.0,-4830000.0,-4869000.0,892000.0,,,,-4830000.0,-0.19664,4956000.0,,,0.0,
1275014,1.0,,,Ultra Clean Holdings Inc,5315000.0,,,,1275014.0,,,5950000.0,,76486000.0,,,-12189000.0,,,0.0,,,,,,2894000.0,,,,Semiconductor and Other Electronic Component Manufacturing,,,,,,,
1275014,,6237000.0,,,-1832000.0,-7506000.0,,,,8089000.0,-7506000.0,-1513000.0,,84254000.0,,-1849000.0,5291000.0,,,,,26390000.0,40747000.0,48836000.0,-7506000.0,-2161000.0,10323000.0,,,,-7506000.0,-0.73604,24237000.0,,,30474000.0,
1420525,0.0,,,1st Century Bancshares Inc,,,,,1420525.0,,,,,,,,,,,1.0,,,,,,,,,,Depository Credit Intermediation,,,,,,,
1398972,1.0,64000.0,,Erdene Resource Development Corp,-304000.0,67000.0,,,1398972.0,67000.0,67000.0,,,,,-195000.0,,,,0.0,,102000.0,34000.0,102000.0,67000.0,-189000.0,34000.0,,,Metal Ore Mining,67000.0,0.02256,-64000.0,,,0.0,
1398972,,278000.0,,,-92000.0,13000.0,,,,403000.0,13000.0,,,,,-283000.0,,,,,,299000.0,42000.0,444000.0,13000.0,-76000.0,42000.0,,,,13000.0,0.0041,112000.0,,,0.0,
1275902,0.0,,,Helios Strategic Income Fund Inc,,,,,1275902.0,,,,,,,,,,,1.0,,,,,,,,,,Other Investment Pools and Funds,,,,,,,
1050180,0.0,,,Phase Forward Inc,-18973000.0,,,,1050180.0,,,,,35824000.0,,,-1165000.0,,,1.0,,,,,,-19148000.0,,,,Computer Systems Design and Related Services,,,,,,,
1050180,,17960000.0,,,-7137000.0,-113078000.0,,,,28101000.0,-113078000.0,,,60572000.0,,-87855000.0,-2990000.0,,,,,38460000.0,45475000.0,73576000.0,-113078000.0,-6954000.0,30488000.0,,,,-113078000.0,-34.82538,105899000.0,,,7580000.0,
1283140,1.0,,,Holly Energy Partners LP,-481000.0,,3740000.0,,1283140.0,,,394000.0,,20647000.0,,,8393000.0,,,0.0,,,,,,2423000.0,,,,Pipeline Transportation of Crude Oil,,,,,,,
1283140,,0.0,,,-336000.0,68279000.0,4475000.0,,,68279000.0,68279000.0,-14000.0,,23581000.0,,,4690000.0,,,,,23111000.0,20059000.0,88338000.0,68279000.0,2670000.0,20059000.0,,,,68279000.0,5.68992,0.0,,,0.0,
1275477,1.0,,,Bimini Capital Management Inc,,,,,1275477.0,,,,,,,,,,,0.0,,,,,,,,,,Other Investment Pools and Funds,,,,,,,
1276893,0.0,,,Neuberger Berman Dividend Advantage Fund Inc,,,,,1276893.0,,,,,,,,,,,1.0,,,,,,,,,,,,,,,,,
1160165,0.0,,,ShengdaTech Inc,,,,,1160165.0,,,,,,,,,,,1.0,,,,,,,,,,Basic Chemical Manufacturing,,,,,,,
1160165,,1733000.0,,,1604000.0,,,,,18323000.0,,,,13840000.0,,,,,,,,4333000.0,,23494000.0,,,5170000.0,,,,,,,,,,
1275214,1.0,,,Calamos Strategic Total Return Fund,,,,,1275214.0,,,,,,,,,,,0.0,,,,,,,,,,Other Investment Pools and Funds,,,,,,,
1276469,1.0,,,Macquarie/First Trust Global Infrastructure/Utilities Dividend & Income Fund,,,,,1276469.0,,,,,,,,,,,0.0,,,,,,,,,,Other Investment Pools and Funds,,,,,,,
1277350,0.0,,,BlackRock Strategic Equity Dividend Trust,,,,,1277350.0,,,,,,,,,,,1.0,,,,,,,,,,Other Investment Pools and Funds,,,,,,,
1275617,1.0,,,Cohen & Steers Infrastructure Fund Inc,,,,,1275617.0,,,,,,,,,,,0.0,,,,,,,,,,Other Investment Pools and Funds,,,,,,,
1576197,1.0,,,Strategic Environmental & Energy Resources Inc,,,,,1576197.0,,,,,,,,,,,0.0,,,,,,,,,,Waste Collection,,,,,,,
1267130,0.0,,,Cabela's Inc,61951000.0,,,,1267130.0,,,-17616000.0,,1077599000.0,,,20081000.0,,,1.0,,,,,,38415000.0,,,,"Sporting Goods, Hobby, and Musical Instrument Stores",,,,,,,
1267130,,178636000.0,,,76001000.0,254339000.0,,,,259530000.0,254339000.0,-31502000.0,,1224581000.0,,210407000.0,5257000.0,,,,,521008000.0,575438000.0,834968000.0,254339000.0,46922000.0,332779000.0,,,,254339000.0,5.09685,21509000.0,,,200145000.0,
1116755,0.0,,,Design Within Reach Inc,134000.0,,540000.0,,1116755.0,,,1589000.0,,40299000.0,,,-1350000.0,,,1.0,,,,,,296000.0,,,,Furniture Stores,,,,,,,
1116755,,4587000.0,,,2130000.0,-3480000.0,855000.0,,,8752000.0,-3480000.0,-3147000.0,,57254000.0,,-3681000.0,942000.0,,,,,13253000.0,8266000.0,17018000.0,-3480000.0,2203000.0,8142000.0,,,,-3480000.0,-54.05405,7645000.0,,,0.0,
1234308,,,,DIRECTV Holdings LLC,-222400000.0,,438500000.0,,1234308.0,,,12600000.0,,5552100000.0,,,,,,,,,,,,-178300000.0,,,,Radio and Television Broadcasting,,,,,,,
1234308,,14100000.0,,,248700000.0,1046300000.0,405600000.0,,,4558500000.0,1046300000.0,3600000.0,,6444600000.0,,-823700000.0,,,,,,1129200000.0,2020100000.0,6578600000.0,1046300000.0,135800000.0,1295800000.0,,,,1046300000.0,1046.3,-14100000.0,,,0.0,
1503518,0.0,,,21st Century Oncology Holdings Inc,,,,,1503518.0,,,,,,,,,,,1.0,,,,,,,,,,Specialty (except Psychiatric and Substance Abuse) Hospitals,,,,,,,
1517007,,,,Marina District Finance Company Inc,,,,,1517007.0,,,,,,,,,,,,,,,,,,,,,Traveler Accommodation,,,,,,,
1180638,,,,Wynn Las Vegas LLC,,,,,1180638.0,,,,,,,,,,,,,,,,,,,,,Traveler Accommodation,,,,,,,
1180638,,,,,-4855000.0,,1771000.0,,,,,-268000.0,,14000.0,,,,,,,,,,,,-4833000.0,,,,,,,,,,,
1367859,1.0,,,Citizens Community Bancorp Inc,,,,,1367859.0,,,,,,,,,,,0.0,,,,,,,,,,Depository Credit Intermediation,,,,,,,
1367859,,,,,,,,,1273805.0,,,,,,,,,,,,,,,,,,,,,,,,,,,,
1375336,0.0,,,Osage Bancshares Inc,,,,,1375336.0,,,,,,,,,,,1.0,,,,,,,,,,Depository Credit Intermediation,,,,,,,
1322232,0.0,,,Coastal Contacts Inc,-163000.0,,9000.0,,1322232.0,,,-112000.0,,2475000.0,,,,,,1.0,,,,,,-181000.0,,,,Professional and Commercial Equipment and Supplies Merchant Wholesalers,,,,,,,
1322232,,169000.0,,,221000.0,29000.0,15000.0,,,63000.0,29000.0,-427000.0,,8881000.0,,21000.0,,,,,,762000.0,778000.0,840000.0,29000.0,202000.0,630000.0,,,,29000.0,0.00967,11000.0,169000.0,,180000.0,
1284812,1.0,,,Cohen & Steers Inc,6805000.0,,517000.0,,1284812.0,,,,,35294000.0,,,,,,0.0,,,,,,6604000.0,,,,Other Financial Investment Activities,,,,,,,
1284812,,6090000.0,,,8649000.0,16692000.0,927000.0,,,16692000.0,16692000.0,,,55246000.0,,12399000.0,,,,,,,7702000.0,24394000.0,16692000.0,8436000.0,,,,,16692000.0,0.62517,-1139000.0,,,4951000.0,
1404296,0.0,,,Atlantic Coast Financial Corp,,,,,1404296.0,,,,,,,,,,,1.0,,,,,,2196000.0,,,,Depository Credit Intermediation,,,,,,,
1404296,,,,,,37511000.0,,,,38924000.0,37511000.0,,,,,38853000.0,,,,,,,408797000.0,447722000.0,37511000.0,3187000.0,,,,,37511000.0,32.88938,,,,0.0,
1278752,1.0,,,Apollo Investment Corp,,,,,1278752.0,,,,,,,,,,,0.0,,,,,,,,,,Other Investment Pools and Funds,,,,,,,
1418929,1.0,,,Richards Packaging Income Fund,,,,,1418929.0,,,,,,,,,,,0.0,,,,,,,,,,Other Support Services,,,,,,,
1289004,0.0,,,Kghm International Ltd (Pre-Merger),,,,,1289004.0,,,,,,,,,,,1.0,,,,,,,,,,Metal Ore Mining,,,,,,,
1286043,1.0,,,Kite Realty Group Trust,2639000.0,,360000.0,,1286043.0,,,,,10684000.0,,,,,,0.0,,,,,,1511000.0,,,,Lessors of Real Estate,,,,,,,
1286043,,3493000.0,,,3118000.0,435000.0,1306000.0,,,435000.0,435000.0,,,28452000.0,,,,,,,,,70954000.0,71389000.0,435000.0,2238000.0,,,,,435000.0,0.1021,55218000.0,,,0.0,
902622,0.0,,,Pfizer Research NC Inc,-10861000.0,,,,902622.0,,,,,6441000.0,,,,,,1.0,,,,,,-9361000.0,,,,Pharmaceutical and Medicine Manufacturing,,,,,,,
902622,,26561000.0,,,-8904000.0,25673000.0,,,,26429000.0,25673000.0,,,7350000.0,,-32509000.0,,,,,,27461000.0,4494000.0,30923000.0,25673000.0,-8597000.0,3407000.0,,,,25673000.0,9.57783,-24553000.0,578000.0,,1996000.0,
1285701,1.0,,,MMRGlobal Inc,-3825000.0,,,,1285701.0,,,,,,,,,,,0.0,,,,,,-3758000.0,,,,"Data Processing, Hosting, and Related Services",,,,,,,
1285701,,10030000.0,,,-7325000.0,10723000.0,,,1115200.0,10727000.0,10723000.0,,,,,-12057000.0,,,,,,10284000.0,1271000.0,11998000.0,10723000.0,-7246000.0,1058000.0,,,,10723000.0,4.79446,-9495000.0,,,531000.0,
1278308,0.0,7801000.0,,Shanda Interactive Entertainment Ltd,-6334000.0,3935000.0,,,1278308.0,6947000.0,3935000.0,,,3836000.0,,4947000.0,724000.0,,,1.0,,11194000.0,9353000.0,16299000.0,3935000.0,3236000.0,9353000.0,,,Other Information Services,3935000.0,0.03935,-7801000.0,,,0.0,
1278308,,301881000.0,,,162624000.0,133062000.0,,,,146066000.0,133062000.0,,,326127000.0,,144235000.0,68720000.0,,,,,357709000.0,258628000.0,404695000.0,133062000.0,139288000.0,258628000.0,,,,133062000.0,1.33062,-301881000.0,,,0.0,
1395213,1.0,25924000.0,,Empresa Distribuidora y Comercializadora Norte SA,439427000.0,1990788000.0,,,1395213.0,2065495000.0,1990788000.0,-13538000.0,,,,250839000.0,-29762000.0,,,0.0,,466742000.0,1695945000.0,3761440000.0,1990788000.0,203376000.0,1031323000.0,,,"Electric Power Generation, Transmission and Distribution",1990788000.0,2.3939,1138540000.0,,,1164464000.0,
1395213,,25924000.0,,,439427000.0,1990788000.0,,,,2065495000.0,1990788000.0,-13538000.0,,,,250839000.0,-29762000.0,,,,,466742000.0,1695945000.0,3761440000.0,1990788000.0,203376000.0,1031323000.0,,,,1990788000.0,2.3939,1138540000.0,,,1164464000.0,
1711375,,,,,,,,,,,,,,,,,,,,,,,,,,,,,,,,,,,,,
931061,,,,Santander Financial Services PLC,,,,,931061.0,,,,,,,,,,,,,,,,,,,,,Securities and Commodity Contracts Intermediation and Brokerage,,,,,,,
1096056,1.0,,,Luxfer Holdings PLC,,,,,1096056.0,,,,,,,,,,,0.0,,,,,,,,,,"Boiler, Tank, and Shipping Container Manufacturing",,,,,,,
1300482,1.0,281422000.0,,CPFL Energia SA,-204513000.0,-315781000.0,7022000.0,,1300482.0,-315781000.0,-315781000.0,,,,,-315835000.0,,,,0.0,,475875000.0,2102045000.0,1786264000.0,-315781000.0,,408006000.0,,,"Electric Power Generation, Transmission and Distribution",-315781000.0,-0.44016,1571327000.0,,,1852749000.0,
1300482,,263678000.0,,,-788611000.0,2151697000.0,364852000.0,,,2151697000.0,2151697000.0,884000.0,,,,-1239301000.0,37961000.0,,,,,2791608000.0,10210164000.0,12361861000.0,2151697000.0,-696063000.0,4839211000.0,,,,2151697000.0,2.99921,7376975000.0,,,7446721000.0,
1359730,,1491469000.0,,Telemar Participacoes SA,52671000.0,2837400000.0,,,1359730.0,2837400000.0,2837400000.0,,,,,-548066000.0,,,,,,5226670000.0,25309094000.0,28146494000.0,2837400000.0,,5765953000.0,,,Wired Telecommunications Carriers,2837400000.0,0.82653,18127511000.0,,,9885926000.0,
1359730,,1491469000.0,,,52671000.0,2837400000.0,,,,2837400000.0,2837400000.0,,,,,-548066000.0,,,,,,5226670000.0,25309094000.0,28146494000.0,2837400000.0,,5765953000.0,,,,2837400000.0,0.82653,18127511000.0,,,9885926000.0,
1368358,0.0,22623000.0,,CSR Ltd,-22412000.0,26371000.0,,,1368358.0,26371000.0,26371000.0,,,16979000.0,,,,,,1.0,,30915000.0,12230000.0,38601000.0,26371000.0,,9107000.0,,,Semiconductor and Other Electronic Component Manufacturing,26371000.0,0.21943,-22623000.0,22623000.0,,0.0,
1368358,,27084000.0,,,-15343000.0,31542000.0,,,,31542000.0,31542000.0,,,27682000.0,,,,,,,,34886000.0,9874000.0,41416000.0,31542000.0,,9208000.0,,,,31542000.0,0.26246,-27084000.0,27084000.0,,0.0,
1302362,1.0,,,Mechel PAO,,,,,1302362.0,,,,,,,,,,,0.0,,,,,,,,,,Metal Ore Mining,,,,,,,
1302362,,,,,2797751992.0,,196310898.0,,,,,213886294.0,,41244088015.0,,,-596684700.0,,,,,,,,,2801172917.0,,,,,,,,,,,
1263288,,5320000.0,,TOM Online Inc,-23091000.0,-3536000.0,8000.0,,1263288.0,-1233000.0,-3536000.0,-210000.0,,6433000.0,,-97829000.0,7987000.0,,,,,19275000.0,26859000.0,25626000.0,-3536000.0,-23144000.0,14445000.0,,,Other Information Services,-3536000.0,-0.00126,-1092000.0,,,3615000.0,
1263288,,6752000.0,,,-8319000.0,-9464000.0,88000.0,,,-9464000.0,-9464000.0,-1296000.0,,29975000.0,,-106183000.0,3414000.0,,,,,19062000.0,35038000.0,25574000.0,-9464000.0,-8354000.0,8498000.0,,,,-9464000.0,-0.00338,-6528000.0,,,0.0,
1342338,1.0,,,Himax Technologies Inc,,,,,1342338.0,,,,,,,,,,,0.0,,,,,,,,,,Semiconductor and Other Electronic Component Manufacturing,,,,,,,
1261888,0.0,,,ChinaCast Education Corp,,,,,1261888.0,,,,,,,,,,,1.0,,,,,,,,,,Educational Support Services,,,,,,,
1261888,,27439000.0,,,17206000.0,,,,,,,,,73512000.0,,,,,,,,65114000.0,45913000.0,134723000.0,,,32521000.0,,,,,,,,,,
1604481,1.0,,,Euronav NV,,,,,1604481.0,,,,,,,,,,,0.0,,,,,,,,,,"Deep Sea, Coastal, and Great Lakes Water Transportation",,,,,,,
1604481,,,,,,,,,1450281.0,,,,,,,,,,,,,,,,,,,,,,,,,,,,
1599298,1.0,,,Summit Therapeutics PLC,,,,,1599298.0,,,,,,,,,,,0.0,,,,,,,,,,Pharmaceutical and Medicine Manufacturing,,,,,,,
1345099,1.0,,,Mesoblast Ltd,,,,,1345099.0,,,,,,,,,,,0.0,,,,,,,,,,Scientific Research and Development Services,,,,,,,
1353691,0.0,40989000.0,,TAM SA,12564000.0,498645000.0,,,1353691.0,498645000.0,498645000.0,,,,,276346000.0,,,,1.0,,587267000.0,2313330000.0,2811975000.0,498645000.0,,646171000.0,,,Scheduled Air Transportation,498645000.0,4.10156,1475284000.0,40989000.0,,1514444000.0,
1353691,,10243000.0,,,-216681000.0,461319000.0,,,,461319000.0,461319000.0,,,,,343263000.0,,,,,,636399000.0,2301775000.0,2763094000.0,461319000.0,,845514000.0,,,,461319000.0,3.80834,1263958000.0,10243000.0,,1274201000.0,
1389072,0.0,,,HeartWare International Inc,,,,,1389072.0,,,,,,,,,,,1.0,,,,,,,,,,"Navigational, Measuring, Electromedical, and Control Instruments Manufacturing",,,,,,,
1389207,1.0,42646000.0,,Gafisa SA,17794000.0,93170000.0,,,1389207.0,93170000.0,93170000.0,,,,,6656000.0,,,,0.0,,321021000.0,450393000.0,543561000.0,93170000.0,,162941000.0,,,Residential Building Construction,93170000.0,1.93157,130867000.0,42646000.0,,173513000.0,
1389207,,42646000.0,,,17794000.0,93170000.0,,,,93170000.0,93170000.0,,,,,6656000.0,,,,,,321021000.0,450393000.0,543561000.0,93170000.0,,162941000.0,,,,93170000.0,1.93157,130867000.0,42646000.0,,173513000.0,
1506492,1.0,,,CHF Solutions Inc,,,,,1506492.0,,,,,,,,,,,0.0,,,,,,,,,,"Navigational, Measuring, Electromedical, and Control Instruments Manufacturing",,,,,,,
1351690,0.0,,,Amara Mining Ltd,,,,,1351690.0,,,,,,,,,,,1.0,,,,,,,,,,Metal Ore Mining,,,,,,,
1140310,1.0,,,EnSync Inc,,,,,1140310.0,,,,,,,,,,,0.0,,,,,,,,,,Other Electrical Equipment and Component Manufacturing,,,,,,,
1383728,0.0,,,Atrium Innovations Inc,,,,,1383728.0,,,,,,,,,,,1.0,,,,,,,,,,Pharmaceutical and Medicine Manufacturing,,,,,,,
1383728,,,,,7853194.0,,268251.0,,,,,-614875.0,,64284049.0,,,,,,,,,,,,4227663.0,,,,,,,,,,,
1682150,,,,Sundance Energy Australia Limited/ADR,,,,,1682150.0,,,,,,,,,,,,,,,,,,,,,,,,,,,,
1421876,1.0,,,Galapagos NV,,,,,1421876.0,,,,,,,,,,,0.0,,,,,,,,,,Scientific Research and Development Services,,,,,,,
1421876,,4841000.0,,,-4229000.0,6570000.0,888000.0,,,7247000.0,6570000.0,-105000.0,,3018000.0,,-12935000.0,-505000.0,,,,,7603000.0,4819000.0,12066000.0,6570000.0,-4229000.0,3202000.0,,,,6570000.0,1.10633,-3134000.0,4841000.0,,1707000.0,
1329493,1.0,,,Uranium Participation Corp,,,,,1329493.0,,,,,,,,,,,0.0,,,,,,,,,,Other Investment Pools and Funds,,,,,,,
1359711,1.0,,,Micro Focus International PLC,,,,,1359711.0,,,,,,,,,,,0.0,,,,,,,,,,Manufacturing and Reproducing Magnetic and Optical Media,,,,,,,
1614609,0.0,,,Avnel Gold Mining Ltd,,,,,1614609.0,,,,,,,,,,,1.0,,,,,,,,,,Metal Ore Mining,,,,,,,
1352308,0.0,,,Evraz Group SA,,,,,1352308.0,,,,,,,,,,,1.0,,,,,,,,,,Iron and Steel Mills and Ferroalloy Manufacturing,,,,,,,
1352308,,53452000.0,,,68770000.0,23293000.0,,,,23293000.0,23293000.0,18663000.0,,1531727000.0,,3558000.0,-43780000.0,,,,,337532000.0,1168309000.0,1191602000.0,23293000.0,1312000.0,528765000.0,,,,23293000.0,0.21728,385093000.0,,,215331000.0,
225211,1.0,7845000.0,,Touchpoint Group Holdings Inc,-28459000.0,7193000.0,392000.0,,225211.0,7888000.0,7193000.0,101000.0,,340000.0,,-223721000.0,-297000.0,,73030000.0,0.0,,12149000.0,14042000.0,21930000.0,7193000.0,-42546000.0,11395000.0,,,Other Information Services,7193000.0,,2049000.0,,,9894000.0,
225211,,268000.0,,,-28741000.0,-93000.0,804000.0,,,7537000.0,-93000.0,1303000.0,,4342000.0,,-254663000.0,4176000.0,,4280000.0,,,3950000.0,17101000.0,24635000.0,-93000.0,-30942000.0,14526000.0,,,,-93000.0,,9356000.0,,,9455000.0,
1737706,1.0,,,Seadrill Ltd,,,,,1737706.0,,,,,,,,,,,0.0,,,,,,,,,,Support Activities for Mining,,,,,,,
1471667,0.0,,,Primary Energy Recycling Corp,,,,,1471667.0,,,,,,,,,,,1.0,,,,,,,,,,"Electric Power Generation, Transmission and Distribution",,,,,,,
1001500,1.0,1000.0,,Laramide Resources Ltd,-4438000.0,5972000.0,3000.0,,1001500.0,5972000.0,5972000.0,,,114000.0,,-11533000.0,,,230000.0,0.0,,20000.0,2271000.0,8243000.0,5972000.0,-4433000.0,243000.0,,,Metal Ore Mining,5972000.0,0.24396,-1000.0,,,0.0,
1001500,,3000.0,,,-3691000.0,2281000.0,3000.0,,,2281000.0,2281000.0,,,114000.0,,-15374000.0,,,2960000.0,,,52000.0,2553000.0,4834000.0,2281000.0,-3841000.0,231000.0,,,,2281000.0,0.08952,-3000.0,,,0.0,
1383571,0.0,,,Globe Specialty Metals Inc,,,,,1383571.0,,,,,,,,,,,1.0,,,,,,,,,,Iron and Steel Mills and Ferroalloy Manufacturing,,,,,,,
1597426,1.0,,,Lombard Medical Inc,,,,,1597426.0,,,,,,,,,,,0.0,,,,,,,,,,"Navigational, Measuring, Electromedical, and Control Instruments Manufacturing",,,,,,,
1321834,1.0,,,Akers Biosciences Inc,,,,,1321834.0,,,,,,,,,,,0.0,,,,,,,,,,Pharmaceutical and Medicine Manufacturing,,,,,,,
1534317,0.0,,,National Commercial Bank Jamaica Ltd,,9065199000.0,,,1534317.0,9065199000.0,9065199000.0,,,,,2638037000.0,,,,1.0,,,95691584000.0,104756783000.0,9065199000.0,369914000.0,,,,Depository Credit Intermediation,9065199000.0,3.67494,,,,21920497000.0,
1534317,,,,,,11971477000.0,,,,11971477000.0,11971477000.0,,,,,4967288000.0,,,,,,,103248913000.0,115220390000.0,11971477000.0,1478407000.0,,,,,11971477000.0,4.85311,,,,24550662000.0,
1618500,1.0,,,Medigus Ltd,,,,,1618500.0,,,,,,,,,,,0.0,,,,,,,,,,"Navigational, Measuring, Electromedical, and Control Instruments Manufacturing",,,,,,,
1603978,1.0,,,AquaBounty Technologies Inc,,,,,1603978.0,,,,,,,,,,,0.0,,,,,,,,,,Scientific Research and Development Services,,,,,,,
1603978,,442000.0,,,-3749000.0,-3266000.0,,,,-2961000.0,-3266000.0,0.0,,75000.0,,-17138000.0,,,,,,700000.0,4784000.0,1823000.0,-3266000.0,-4963000.0,2919000.0,,,,-3266000.0,-1.96802,3636000.0,,,4002000.0,
1362925,0.0,,,Planet Payment Inc,,,,,1362925.0,,,,,,,,,,,1.0,,,,,,,,,,"Data Processing, Hosting, and Related Services",,,,,,,
1463471,1.0,,,Mission Newenergy Ltd,,,,,1463471.0,,,,,,,,,,,0.0,,,,,,,,,,Basic Chemical Manufacturing,,,,,,,
1618417,,,,Arysta LifeScience plc,,,,,1618417.0,,,,,,,,,,,,,,,,,,,,,Basic Chemical Manufacturing,,,,,,,
1490412,0.0,,,Velti PLC,,,,,1490412.0,,,,,,,,,,,0.0,,,,,,,,,,Software Publishers,,,,,,,
1499849,1.0,,,Brasilagro Companhia Brasileira de Propriedades Agricolas,,,,,1499849.0,,,,,,,,,,,0.0,,,,,,,,,,Other Crop Farming,,,,,,,
1366852,0.0,1733000.0,,Nautilus Minerals Inc,-1516000.0,1793000.0,33000.0,,1366852.0,1793000.0,1793000.0,2000.0,,13000.0,,-5540000.0,,,40000.0,0.0,,1794000.0,528000.0,2321000.0,1793000.0,-1515000.0,528000.0,,,Metal Ore Mining,1793000.0,2.12857,-1733000.0,,,0.0,
1366852,,230000.0,,,-854000.0,707000.0,110000.0,,,940000.0,707000.0,0.0,,89000.0,,-6393000.0,,,3420000.0,,,293000.0,104000.0,1044000.0,707000.0,-853000.0,104000.0,,,,707000.0,0.83932,-230000.0,,,0.0,
1649394,1.0,,,Mauser Group NV,,,,,1649394.0,,,,,,,,,,,0.0,,,,,,,,,,"Boiler, Tank, and Shipping Container Manufacturing",,,,,,,
1442162,0.0,,,Polyus Gold International Ltd,,,,,1442162.0,,,,,,,,,,,0.0,,,,,,,,,,Metal Ore Mining,,,,,,,
1442162,,22168.0,,,5422798.0,8701666.0,,,,8705722.0,8701666.0,63987.0,,10071169.0,,-2833387.0,1127099.0,,,,,3890399.0,11884108.0,20589830.0,8701666.0,4119291.0,7531016.0,,,,8701666.0,0.184749,7982388.0,,,8004555.0,
1438569,1.0,,,Grifols SA,,,,,1438569.0,,,,,,,,,,,0.0,,,,,,,,,,Pharmaceutical and Medicine Manufacturing,,,,,,,
1479300,0.0,,,Migao Corp,,,,,1479300.0,,,,,,,,,,,1.0,,,,,,,,,,"Pesticide, Fertilizer, and Other Agricultural Chemical Manufacturing",,,,,,,
1479300,,,,,-65000.0,-21000.0,,,,-21000.0,-21000.0,,,0.0,,-306000.0,-7000.0,,,,,1000.0,22000.0,1000.0,-21000.0,,22000.0,,,,-21000.0,-0.01047,0.0,,,0.0,
922237,1.0,1310000.0,,Enova Systems Inc,-459000.0,-4082000.0,,,922237.0,-1648000.0,-4082000.0,-151000.0,,2883000.0,,-86865000.0,,,44380000.0,0.0,,2813000.0,4742000.0,3094000.0,-4082000.0,-459000.0,655000.0,,,Motor Vehicle Parts Manufacturing,-4082000.0,-0.75214,4616000.0,,,3492000.0,
922237,,1179000.0,,,-3428000.0,-2666000.0,,,,-232000.0,-2666000.0,-520000.0,,3780000.0,,-90293000.0,,,27670000.0,,,3454000.0,4572000.0,4340000.0,-2666000.0,-3428000.0,543000.0,,,,-2666000.0,-0.39663,4736000.0,,,3481000.0,
1464591,1.0,,,GeoPark Ltd,,,,,1464591.0,,,,,,,,,,,0.0,,,,,,,,,,Oil and Gas Extraction,,,,,,,
1464591,,29000.0,,,-516000.0,-794000.0,,,,-451000.0,-794000.0,0.0,,88000.0,,-518000.0,,,,,,179000.0,1102000.0,651000.0,-794000.0,-518000.0,230000.0,,,,-794000.0,-0.02589,-29000.0,29000.0,,0.0,
1648257,1.0,,,Hutchison China MediTech Ltd,,,,,1648257.0,,,,,,,,,,,0.0,,,,,,,,,,Scientific Research and Development Services,,,,,,,
1718903,0.0,,,Realm Therapeutics Ltd,,,,,1718903.0,,,,,,,,,,,0.0,,,,,,,,,,Scientific Research and Development Services,,,,,,,
1532981,1.0,,,Eros International PLC,,,,,1532981.0,,,,,,,,,,,0.0,,,,,,,,,,Motion Picture and Video Industries,,,,,,,
1370140,,,,Petrominerales Colombia Corp (Bogota Branch),,,,,1370140.0,,,,,,,,,,,,,,,,,,,,,Oil and Gas Extraction,,,,,,,
1378845,1.0,,,MMX Mineracao e Metalicos SA,,,,,1378845.0,,,,,,,,,,,0.0,,,,,,,,,,Metal Ore Mining,,,,,,,
1748679,,,,,,,,,,,,,,,,,,,,,,,,,,,,,,,,,,,,,
1384180,1.0,27000.0,,Katanga Mining Ltd,-267000.0,163000.0,,,1384180.0,163000.0,163000.0,,,,,-1391000.0,,,330000.0,0.0,,27000.0,30000.0,192000.0,163000.0,-267000.0,30000.0,,,Metal Ore Mining,163000.0,0.15509,-27000.0,27000.0,,0.0,
1384180,,1000.0,,,-149000.0,15000.0,,,1305687.0,15000.0,15000.0,,,,,-1539000.0,,,330000.0,,,1000.0,69000.0,84000.0,15000.0,-148000.0,69000.0,,,,15000.0,0.01427,-1000.0,1000.0,,0.0,
1417892,1.0,,,ReneSola Ltd,,,,,1417892.0,,,,,,,,,,,0.0,,,,,,,,,,Utility System Construction,,,,,,,
1343719,0.0,,,Energy XXI Ltd,,,,,1343719.0,,,,,,,,,,,1.0,,,,,,,,,,Oil and Gas Extraction,,,,,,,
1729244,,,,,,,,,,,,,,,,,,,,,,,,,,,,,,,,,,,,,
949428,1.0,541000.0,,CDTi Advanced Materials Inc,-2036000.0,-152000.0,152000.0,,949428.0,-151000.0,-152000.0,34000.0,,582000.0,,-21134000.0,,,11960000.0,0.0,,965000.0,1208000.0,1057000.0,-152000.0,-2001000.0,400000.0,,,Motor Vehicle Parts Manufacturing,-152000.0,-42.8169,-540000.0,541000.0,,0.0,
949428,,4023000.0,,,-936000.0,3482000.0,196000.0,,,3482000.0,3482000.0,-9000.0,,1600000.0,,-24137000.0,,,22590000.0,,,4612000.0,1176000.0,4658000.0,3482000.0,-1106000.0,808000.0,,,,3482000.0,232.9097,-3773000.0,4023000.0,,250000.0,
1627281,1.0,,,Cellectis SA,,,,,1627281.0,,,,,,,,,,,0.0,,,,,,,,,,Scientific Research and Development Services,,,,,,,
1627281,,8686523.0,,,-2279768.0,9096918.0,141425.0,,,9223920.0,9096918.0,,,614726.0,,-3233830.0,,,,,,10083546.0,1363436.0,10586306.0,9096918.0,,1363436.0,,,,9096918.0,1.791905,-8685473.0,,,1050.0,
1498403,1.0,,,BioLine RX Ltd,,,,,1498403.0,,,,,,,,,,,0.0,,,,,,,,,,Pharmaceutical and Medicine Manufacturing,,,,,,,
1714921,,,,,,,,,,,,,,,,,,,,,,,,,,,,,,,,,,,,,
1751017,,,,,,,,,,,,,,,,,,,,,,,,,,,,,,,,,,,,,
1581987,0.0,,,Tigenix NV,,,,,1581987.0,,,,,,,,,,,0.0,,,,,,,,,,Scientific Research and Development Services,,,,,,,
1355128,0.0,,,ZCO Liquidating Corp,,,,,1355128.0,,,,,,,,,,,1.0,,,,,,,,,,Computer and Peripheral Equipment Manufacturing,,,,,,,
1757064,,,,,,,,,,,,,,,,,,,,,,,,,,,,,,,,,,,,,
1657312,1.0,,,Verona Pharma PLC,,,,,1657312.0,,,,,,,,,,,0.0,,,,,,,,,,Scientific Research and Development Services,,,,,,,
1156992,0.0,,,Protonex Technology Corp,,,,,1156992.0,,,,,,,,,,,1.0,,,,,,,,,,Semiconductor and Other Electronic Component Manufacturing,,,,,,,
1590560,1.0,,,Uniqure NV,,,,,1590560.0,,,,,,,,,,,0.0,,,,,,,,,,Scientific Research and Development Services,,,,,,,
1499780,1.0,,,Globus Maritime Ltd,,,,,1499780.0,,,,,,,,,,,0.0,,,,,,,,,,"Deep Sea, Coastal, and Great Lakes Water Transportation",,,,,,,
1550935,1.0,,,FRONTEO Inc,,,,,1550935.0,,,,,,,,,,,0.0,,,,,,,,,,Computer Systems Design and Related Services,,,,,,,
1496371,1.0,,,Azure Health Technology Ltd,,,,,1496371.0,,,,,,,,,,,0.0,,,,,,,,,,Software Publishers,,,,,,,
1471055,1.0,,,Banco Santander Brasil SA,,,,,1471055.0,,,,,,,,,,,0.0,,,,,,,,,,Depository Credit Intermediation,,,,,,,
1441567,0.0,,,MModal Inc,,,,,1441567.0,,,,,,,,,,,1.0,,,,,,,,,,Computer Systems Design and Related Services,,,,,,,
1409979,1.0,,,Foraco International SA,,,,,1409979.0,,,,,,,,,,,0.0,,,,,,,,,,Support Activities for Mining,,,,,,,
1566844,0.0,,,Mazor Robotics Ltd,,,,,1566844.0,,,,,,,,,,,0.0,,,,,,,,,,"Navigational, Measuring, Electromedical, and Control Instruments Manufacturing",,,,,,,
1420070,,,,ReSearch Pharmaceutical Services Inc,,,,,1420070.0,,,,,,,,,,,,,,,,,,,,,Pharmaceutical and Medicine Manufacturing,,,,,,,
1420070,,,,,,,,,1268591.0,,,,,,,,,,,,,,,,,,,,,,,,,,,,
1574565,1.0,,,Evogene Ltd,,,,,1574565.0,,,,,,,,,,,0.0,,,,,,,,,,Scientific Research and Development Services,,,,,,,
1607245,1.0,,,Oasmia Pharmaceutical AB,,,,,1607245.0,,,,,,,,,,,0.0,,,,,,,,,,Pharmaceutical and Medicine Manufacturing,,,,,,,
1567529,1.0,,,Kamada Ltd,,,,,1567529.0,,,,,,,,,,,0.0,,,,,,,,,,Scientific Research and Development Services,,,,,,,
1576914,1.0,,,MIX Telematics Ltd,,,,,1576914.0,,,,,,,,,,,0.0,,,,,,,,,,Software Publishers,,,,,,,
1337298,1.0,,,FutureFuel Corp,,,,,1337298.0,,,,,,,,,,,0.0,,,,,,,,,,Basic Chemical Manufacturing,,,,,,,
1433269,0.0,,,Diligent Corp (Pre-Merger),,,,,1433269.0,,,,,,,,,,,1.0,,,,,,,,,,Software Publishers,,,,,,,
1433269,,,,,0.0,0.0,0.0,,,0.0,0.0,,,0.0,,0.0,,,,,,0.0,0.0,0.0,0.0,,0.0,,,,0.0,0.0,0.0,,,0.0,
1444406,1.0,300425942000.0,,Ecopetrol SA,455715490000.0,4637472601000.0,,,1444406.0,4637472601000.0,4637472601000.0,,,9187098567000.0,,1584053728000.0,,,,0.0,,2218640710000.0,13292941280000.0,17930413881000.0,4637472601000.0,,2943421564000.0,,,Petroleum and Coal Products Manufacturing,4637472601000.0,109.24553,967310966000.0,,,1267736908000.0,
1444406,,615818687000.0,,,344187477000.0,6543392858000.0,,,,6543392858000.0,6543392858000.0,,,8726969727000.0,,2966211983000.0,,,,,,2701602292000.0,14451958484000.0,20995351342000.0,6543392858000.0,,3077061787000.0,,,,6543392858000.0,154.14353,169800148000.0,,,785618835000.0,
1557800,1.0,,,Babylon Ltd,,,,,1557800.0,,,,,,,,,,,0.0,,,,,,,,,,Software Publishers,,,,,,,
1473332,0.0,,,Resaca Exploitation Inc,,,,,1473332.0,,,,,,,,,,,1.0,,,,,,,,,,Oil and Gas Extraction,,,,,,,
1565228,1.0,,,Vislink Technologies Inc,,,,,1565228.0,,,,,,,,,,,0.0,,,,,,,,,,Wireless Telecommunications Carriers (except Satellite),,,,,,,
1405537,1.0,,,GrowMax Resources Corp,,,,,1405537.0,,,,,,,,,,,0.0,,,,,,,,,,Nonmetallic Mineral Mining and Quarrying,,,,,,,
1505065,1.0,,,Brainsway Ltd,,,,,1505065.0,,,,,,,,,,,0.0,,,,,,,,,,Specialty (except Psychiatric and Substance Abuse) Hospitals,,,,,,,
1614744,1.0,,,Kitov Pharma Ltd,,,,,1614744.0,,,,,,,,,,16770000.0,0.0,,,,,,,,,,Scientific Research and Development Services,,,,,,,
1614744,,,,,,,,,,,,,,,,,,,16770000.0,,,,,,,,,,,,,,,,,,
1536196,1.0,,,Can Fite Biopharma Ltd,,,,,1536196.0,,,,,,,,,,,0.0,,,,,,,,,,Pharmaceutical and Medicine Manufacturing,,,,,,,
1536196,,,,,-5117085.0,,,,,,,,,,,,124426.0,,,,,,,,,-5106945.0,,,,,,,,,,,
1534248,0.0,,,Anchiano Therapeutics Ltd,,,,,1534248.0,,,,,,,,,,,0.0,,,,,,,,,,Scientific Research and Development Services,,,,,,,
1611746,0.0,,,Therapix Biosciences Ltd,,,,,1611746.0,,,,,,,,,,,1.0,,,,,,,,,,Pharmaceutical and Medicine Manufacturing,,,,,,,
1138776,1.0,,,Aevi Genomic Medicine Inc,,,,,1138776.0,,,,,,,,,,,0.0,,,,,,,,,,Scientific Research and Development Services,,,,,,,
1500866,1.0,,,InterXion Holding NV,,,,,1500866.0,,,,,,,,,,,0.0,,,,,,,,,,Computer Systems Design and Related Services,,,,,,,
1634432,1.0,,,Strongbridge Biopharma plc,,,,,1634432.0,,,,,,,,,,,0.0,,,,,,,,,,Pharmaceutical and Medicine Manufacturing,,,,,,,
1638381,1.0,,,Intec Pharma Ltd,,,,,1638381.0,,,,,,,,,,,0.0,,,,,,,,,,Scientific Research and Development Services,,,,,,,
1489393,1.0,,,LyondellBasell Industries NV,,,,,1489393.0,,,,,,,,,,,0.0,,,,,,,,,,Basic Chemical Manufacturing,,,,,,,
1475252,,,,Sama Resources Inc,,,,,1475252.0,,,,,,,,,,,,,,,,,,,,,Metal Ore Mining,,,,,,,
1567094,1.0,,,CNH Industrial NV,,,,,1567094.0,,,,,,,,,,,0.0,,,,,,,,,,"Agriculture, Construction, and Mining Machinery Manufacturing",,,,,,,
1674988,1.0,,,Zealand Pharma A/S,,,,,1674988.0,,,,,,,,,,,0.0,,,,,,,,,,Scientific Research and Development Services,,,,,,,
1674988,,,,,,,,,1573728.0,,,,,,,,,,,,,,,,,,,,,,,,,,,,
1447382,0.0,,,Ocean Rig UDW Inc,,,,,1447382.0,,,,,,,,,,,0.0,,,,,,,,,,Support Activities for Mining,,,,,,,
1520504,1.0,,,Controladora Vuela Compania de Aviacion SAB de CV,,,,,1520504.0,,,,,,,,,,,0.0,,,,,,,,,,Scheduled Air Transportation,,,,,,,
1528903,0.0,,,AVG Technologies BV,,,,,1528903.0,,,,,,,,,,,1.0,,,,,,,,,,Software Publishers,,,,,,,
1211805,1.0,,,My Size Inc,,,,,1211805.0,,,,,,,,,,,0.0,,,,,,,,,,Software Publishers,,,,,,,
1553846,1.0,,,Redhill Biopharma Ltd,,,,,1553846.0,,,,,,,,,,,0.0,,,,,,,,,,Scientific Research and Development Services,,,,,,,
1560186,0.0,,,North Atlantic Drilling Ltd,,,,,1560186.0,,,,,,,,,,,0.0,,,,,,,,,,Support Activities for Mining,,,,,,,
1611747,0.0,,,BiondVax Pharmaceuticals Ltd,,,,,1611747.0,,,,,,,,,,,1.0,,,,,,,,,,Pharmaceutical and Medicine Manufacturing,,,,,,,
1517342,1.0,,,Pacific Drilling SA,,,,,1517342.0,,,,,,,,,,,0.0,,,,,,,,,,Support Activities for Mining,,,,,,,
1551675,0.0,,,US Oil Sands Inc,,,,,1551675.0,,,,,,,,,,290000.0,0.0,,,,,,,,,,Support Activities for Mining,,,,,,,
1551675,,,,,,,,,1518245.0,,,,,,,,,,390000.0,,,,,,,,,,,,,,,,,,
1707679,1.0,,,Safe-T Group Ltd,-2387441.0,,,,1707679.0,,,,,4355865.0,,,,,11940000.0,0.0,,,,,,,,,,Computer Systems Design and Related Services,,,,,,,
1707679,,,,,-709518.0,,,,1725332.0,,,,,5659260.0,,,-116073.0,,3410000.0,,,,,,,-365106.0,,,,,,,,,,,
1701229,1.0,365255.0,,Foresight Autonomous Holdings Ltd,-3118451.0,10375134.0,,,1691221.0,10375134.0,10375134.0,,,22892532.0,,,,,17500000.0,0.0,,12950481.0,9796318.0,20171452.0,10375134.0,,9305351.0,,,Software Publishers,10375134.0,2.090565,3455821.0,,,3821076.0,
1701229,,366690.0,,,-2202052.0,7567061.0,,,1701229.0,7567061.0,7567061.0,-5812676.0,,27691914.0,,,2085266.0,,15910000.0,,,19881122.0,20561858.0,28128919.0,7567061.0,-2637325.0,17094642.0,,,,7567061.0,1.524744,10601782.0,,,10968472.0,
1671502,0.0,,,Cellect Biotechnology Ltd,-6340000.0,,,,1671502.0,,,,,5599000.0,,,,,42070000.0,1.0,,,,,,,,,,Scientific Research and Development Services,,,,,,,
1671502,,,,,-15985000.0,,,,,,,,,-904000.0,,,-848000.0,,27810000.0,,,,,,,-19200000.0,,,,,,,,,,,
1031029,1.0,54956000.0,,Startek Inc,26171000.0,91964000.0,,,1031029.0,91964000.0,91964000.0,1794000.0,,200750000.0,,45216000.0,-7773000.0,,266230000.0,0.0,,79945000.0,30319000.0,122283000.0,91964000.0,19420000.0,23799000.0,,,Business Support Services,91964000.0,6.55331,-43459000.0,,,11497000.0,
1031029,,50086000.0,,,3564000.0,95609000.0,,,,95609000.0,95609000.0,-668000.0,,182576000.0,,50087000.0,3603000.0,,390900000.0,,,83553000.0,33544000.0,129153000.0,95609000.0,4871000.0,24424000.0,,,,95609000.0,6.78918,-38280000.0,,,11806000.0,
1512081,,,,International Automotive Components Group SA,,,,,1512081.0,,,,,,,,,,,,,,,,,,,,,Motor Vehicle Body and Trailer Manufacturing,,,,,,,
1144908,1.0,,,Mycelx Technologies Corp,,,,,1144908.0,,,,,,,,,,,0.0,,,,,,,,,,"Ventilation, Heating, Air-Conditioning, and Commercial Refrigeration Equipment Manufacturing",,,,,,,
1575969,1.0,,,Avianca Holdings SA,,,,,1575969.0,,,,,,,,,,,0.0,,,,,,,,,,Scheduled Air Transportation,,,,,,,
1643303,1.0,8128170.0,,Nano Dimension Ltd,-3412033.0,67078063.0,,,1643303.0,67078063.0,67078063.0,,,139926491.0,,,,,33750000.0,0.0,,65012737.0,41645548.0,108723611.0,67078063.0,,31604737.0,,,Computer and Peripheral Equipment Manufacturing,67078063.0,24.120035,-3043300.0,,,5084870.0,
1643303,,2000456.0,,,-4118204.0,46961481.0,,,1667652.0,46961481.0,46961481.0,-1132661.0,,149477681.0,,,293988.0,,50500000.0,,,85704662.0,87235184.0,134196664.0,46961481.0,-18427263.0,74982617.0,,,,46961481.0,4.526647,33015923.0,,,35016379.0,
1245791,1.0,,,GI Dynamics Inc,,,,,1245791.0,,,,,,,,,,,0.0,,,,,,,,,,"Navigational, Measuring, Electromedical, and Control Instruments Manufacturing",,,,,,,
1722890,,,,,,,,,,,,,,,,,,,,,,,,,,,,,,,,,,,,,
1381955,1.0,,,Apteryx Imaging Inc,,,,,1381955.0,,,,,,,,,,,0.0,,,,,,,,,,"Navigational, Measuring, Electromedical, and Control Instruments Manufacturing",,,,,,,
1547063,0.0,,,Taminco Corp,,,,,1547063.0,,,,,,,,,,,1.0,,,,,,,,,,Basic Chemical Manufacturing,,,,,,,
913290,1.0,107227000.0,,Frontline Ltd,374269000.0,1015105000.0,91767000.0,,913290.0,1029490000.0,1015105000.0,3560000.0,,692717000.0,,253558000.0,-7866000.0,,7112450000.0,0.0,,292649000.0,1751498000.0,2780988000.0,1015105000.0,313867000.0,290391000.0,,,"Deep Sea, Coastal, and Great Lakes Water Transportation",1015105000.0,65.01349,1552745000.0,,,1653902000.0,
913290,,179335000.0,,,375420000.0,1238352000.0,117225000.0,,,1252401000.0,1238352000.0,-120000.0,,716478000.0,,521080000.0,1290000.0,,4626920000.0,,,277918000.0,1781373000.0,3033774000.0,1238352000.0,382728000.0,315056000.0,,,,1238352000.0,81.03597,1520228000.0,,,1692741000.0,
1613780,1.0,,,DBV Technologies SA,,,,,1613780.0,,,,,,,,,,,0.0,,,,,,,,,,Pharmaceutical and Medicine Manufacturing,,,,,,,
1492966,0.0,,,Nord Anglia Education Inc,,,,,1492966.0,,,,,,,,,,,1.0,,,,,,,,,,Elementary and Secondary Schools,,,,,,,
1770883,,,,,,,,,,,,,,,,,,,,,,,,,,,,,,,,,,,,,
1590714,1.0,,,Element Solutions Inc,,,,,1590714.0,,,,,,,,,,,0.0,,,,,,,,,,Other Chemical Product and Preparation Manufacturing,,,,,,,
1123134,1.0,3267230000.0,,ChipMOS Technologies Inc,1991265000.0,12241746000.0,,,1123134.0,12563118000.0,12241746000.0,-111221000.0,,,,1752419000.0,-27202000.0,,,0.0,,5760983000.0,6400454000.0,18963572000.0,12241746000.0,1539021000.0,3094590000.0,,,Semiconductor and Other Electronic Component Manufacturing,12241746000.0,17.34335,1168138000.0,1184985000.0,,4435368000.0,
1123134,,2144198000.0,,,-1447348000.0,10858419000.0,,,,11012281000.0,10858419000.0,152944000.0,,,,49807000.0,-108478000.0,,,,,4766843000.0,5162262000.0,16174543000.0,10858419000.0,-1509064000.0,3017938000.0,,,,10858419000.0,14.39971,2071975000.0,,,4216173000.0,
1637890,1.0,,,Celyad SA,,,,,1637890.0,,,,,,,,,,,0.0,,,,,,,,,,Other Ambulatory Health Care Services,,,,,,,
1587264,1.0,,,Scorpio Bulkers Inc,,,,,1587264.0,,,,,,,,,,,0.0,,,,,,,,,,"Deep Sea, Coastal, and Great Lakes Water Transportation",,,,,,,
1579241,1.0,,,Allegion PLC,,,,,1579241.0,,,,,,,,,,,0.0,,,,,,,,,,"Navigational, Measuring, Electromedical, and Control Instruments Manufacturing",,,,,,,
1597659,1.0,,,Hermitage Offshore Services Ltd,,,,,1597659.0,,,,,,,,,,,0.0,,,,,,,,,,"Deep Sea, Coastal, and Great Lakes Water Transportation",,,,,,,
1596993,1.0,,,Dorian LPG Ltd,,,,,1596993.0,,,,,,,,,,,0.0,,,,,,,,,,"Deep Sea, Coastal, and Great Lakes Water Transportation",,,,,,,
1651717,1.0,,,Nomad Foods Ltd,,,,,1651717.0,,,,,,,,,,,0.0,,,,,,,,,,Fruit and Vegetable Preserving and Specialty Food Manufacturing,,,,,,,
1697862,,,,Argenx BVBA,,,,,1697862.0,,,,,,,,,,,,,,,,,,,,,Scientific Research and Development Services,,,,,,,
1527469,1.0,,,Athene Holding Ltd,,,,,1527469.0,,,,,,,,,,,0.0,,,,,,,,,,Insurance Carriers,,,,,,,
1643918,1.0,,,Midatech Pharma PLC,,,,,1643918.0,,,,,,,,,,,0.0,,,,,,,,,,Scientific Research and Development Services,,,,,,,
1645209,0.0,,,NYX Gaming Group Ltd,,,,,1645209.0,,,,,,,,,,,1.0,,,,,,,,,,Software Publishers,,,,,,,
1674657,1.0,,,Motif Bio PLC,,,,,1674657.0,,,,,,,,,,,0.0,,,,,,,,,,Scientific Research and Development Services,,,,,,,
1766265,,,,,,,,,,,,,,,,,,,,,,,,,,,,,,,,,,,,,
1719714,1.0,,,Mereo BioPharma Group plc,,,,,1719714.0,,,,,,,,,,,0.0,,,,,,,,,,Scientific Research and Development Services,,,,,,,
1760764,,,,G Medical Innovations Holdings Ltd,,,,,1760764.0,,,,,,,,,,,,,,,,,,,,,,,,,,,,
1722926,1.0,,,Aslan Pharmaceuticals Ltd,,,,,1722926.0,,,,,,,,,,,0.0,,,,,,,,,,Pharmaceutical and Medicine Manufacturing,,,,,,,
1720635,1.0,,,nVent Electric PLC,,,,,1720635.0,,,,,,,,,,,0.0,,,,,,,,,,Semiconductor and Other Electronic Component Manufacturing,,,,,,,
1725293,1.0,,,Grindrod Shipping Holdings Ltd,,,,,1725293.0,,,,,,,,,,,0.0,,,,,,,,,,"Deep Sea, Coastal, and Great Lakes Water Transportation",,,,,,,
1707210,1.0,,,Navios Maritime Containers LP,,,,,1707210.0,,,,,,,,,,,0.0,,,,,,,,,,"Deep Sea, Coastal, and Great Lakes Water Transportation",,,,,,,
1739445,1.0,,,Arcosa Inc,,,,,1739445.0,,,,,,,,,,,0.0,,,,,,,,,,Utility System Construction,,,,,,,
1720161,1.0,,,Castor Maritime Inc,,,,,1720161.0,,,,,,,,,,,0.0,,,,,,,,,,"Deep Sea, Coastal, and Great Lakes Water Transportation",,,,,,,
