Date,HIGH,LOW,CLOSE,OPEN,COUNT,VOLUME
2010-12-23,,,20.0,,,
2010-12-24,,,20.0,,,
2010-12-29,,,20.0,,,
2010-12-30,,,20.0,,,
2010-12-31,,,20.0,,,
2011-01-04,25.0,25.0,20.0,20.0,1.0,1450.0
2011-01-05,,,20.0,,1.0,
2011-01-06,,,20.0,,,
2011-01-07,,,20.0,,,
2011-01-10,,,20.0,,,
2011-01-11,,,20.0,,,
2011-01-12,,,20.0,,,
2011-01-13,,,20.0,,,
2011-01-14,,,20.0,,,
2011-01-17,,,20.0,,,
2011-01-18,,,20.0,,,
2011-01-19,,,20.0,,,
2011-01-20,,,20.0,,,
2011-01-21,,,20.0,,,
2011-01-24,25.0,25.0,20.0,20.0,1.0,2540.0
2011-01-25,,,20.0,,,
2011-01-26,,,20.0,,,
2011-01-27,,,20.0,,,
2011-01-28,,,20.0,,,
2011-01-31,,,20.0,,,
2011-02-01,,,20.0,,,
2011-02-02,,,20.0,,,
2011-02-03,,,20.0,,,
2011-02-04,,,20.0,,,
2011-02-07,,,20.0,,,
2011-02-08,,,20.0,,,
2011-02-09,,,20.0,,,
2011-02-10,,,20.0,,,
2011-02-11,,,20.0,,,
2011-02-14,,,20.0,,,
2011-02-15,,,20.0,20.0,,
2011-02-16,,,20.0,20.0,,
2011-02-17,,,20.0,20.0,,
2011-02-18,,,20.0,20.0,,
2011-02-21,,,20.0,20.0,,
2011-02-22,,,20.0,20.0,,
2011-02-23,15.0,15.0,16.0,20.0,1.0,25000.0
2011-02-24,,,17.5,16.0,,
2011-02-25,,,17.5,,,
2011-02-28,,,17.5,,,
2011-03-01,13.0,13.0,16.5,17.5,1.0,12500.0
2011-03-02,,,16.5,,,
2011-03-03,12.0,12.0,15.5,16.5,1.0,12500.0
2011-03-04,,,15.5,,,
2011-03-07,,,14.5,,,
2011-03-08,,,14.5,,,
2011-03-09,,,14.5,,,
2011-03-10,,,14.5,,,
2011-03-11,,,14.5,,,
2011-03-14,,,14.5,,,
2011-03-15,,,15.0,,,
2011-03-16,,,15.0,,,
2011-03-17,,,15.0,,,
2011-03-18,,,15.0,,,
2011-03-21,,,15.0,,,
2011-03-22,,,15.0,,,
2011-03-23,,,15.0,,,
2011-03-24,,,15.0,,,
2011-03-25,,,15.0,,,
2011-03-28,,,15.0,,,
2011-03-29,,,15.0,,,
2011-03-30,,,15.0,,,
2011-03-31,,,15.0,,,
2011-04-01,,,14.0,,,
2011-04-04,14.75,14.75,14.0,14.0,1.0,33000.0
2011-04-05,,,14.0,,,
2011-04-06,13.0,13.0,14.0,14.0,1.0,50000.0
2011-04-07,,,14.0,,,
2011-04-08,,,14.0,,,
2011-04-11,,,14.0,,,
2011-04-12,16.5,15.0,16.0,16.0,3.0,75000.0
2011-04-13,15.23,13.5,14.5,16.0,5.0,185000.0
2011-04-14,13.5,13.5,14.5,14.5,1.0,25000.0
2011-04-15,,,14.0,,,
2011-04-18,,,14.0,,,
2011-04-19,,,14.0,,,
2011-04-20,13.0,13.0,14.0,14.0,1.0,25000.0
2011-04-21,,,14.0,,,
2011-04-26,13.0,13.0,14.0,14.0,1.0,25000.0
2011-04-27,13.0,13.0,14.0,14.0,1.0,25000.0
2011-04-28,13.0,13.0,13.5,14.0,2.0,45000.0
2011-05-03,12.5,12.5,13.5,13.5,1.0,20000.0
2011-05-04,12.5,12.5,13.5,13.5,1.0,25000.0
2011-05-05,12.4,12.04,13.0,13.5,2.0,10000.0
2011-05-06,,,12.75,,,
2011-05-09,,,12.75,,,
2011-05-10,,,12.75,,,
2011-05-11,,,12.75,,,
2011-05-12,,,12.5,,,
2011-05-13,12.0,12.0,12.5,12.5,1.0,40000.0
2011-05-16,,,12.5,,,
2011-05-17,,,12.5,,,
2011-05-18,11.5,11.5,12.0,12.5,1.0,13000.0
2011-05-19,,,12.0,,,
2011-05-20,,,12.0,,,
2011-05-23,13.0,13.0,12.0,14.5,1.0,25000.0
2011-05-24,,,12.0,,,
2011-05-25,12.75,11.0,12.0,12.0,5.0,300500.0
2011-05-26,12.0,12.0,13.0,12.5,1.0,13000.0
2011-05-27,12.0,12.0,13.0,13.0,2.0,26000.0
2011-05-31,,,13.0,,,
2011-06-01,12.0,12.0,13.0,13.0,2.0,26000.0
2011-06-02,12.0,12.0,13.0,13.0,1.0,13000.0
2011-06-03,12.0,12.0,13.0,13.0,1.0,13000.0
2011-06-06,12.0,12.0,12.5,13.0,2.0,26000.0
2011-06-07,11.5,11.5,12.5,12.5,1.0,13000.0
2011-06-08,,,12.5,,,
2011-06-09,11.5,11.0,11.25,12.5,4.0,51000.0
2011-06-10,,,11.25,,,
2011-06-13,11.0,10.5,11.0,11.25,2.0,25500.0
2011-06-14,10.0,10.0,9.875,11.0,2.0,25500.0
2011-06-15,,,9.875,,,
2011-06-16,,,9.875,,,
2011-06-17,,,9.875,,,
2011-06-20,,,9.875,,,
2011-06-21,9.755,9.755,9.875,9.875,1.0,10000.0
2011-06-22,,,9.875,,,
2011-06-23,,,9.875,,,
2011-06-24,,,9.875,,,
2011-06-27,,,9.875,,,
2011-06-28,,,9.875,,,
2011-06-29,,,9.875,,,
2011-06-30,,,9.875,,,
2011-07-01,,,9.875,,,
2011-07-04,13.5,11.0,12.5,11.5,41.0,565412.0
2011-07-05,13.0,13.0,12.0,12.5,3.0,21704.0
2011-07-06,14.5,11.5,14.5,12.0,10.0,314292.0
2011-07-07,9.7,9.7,14.5,14.5,1.0,4999.0
2011-07-08,,,14.5,,,
2011-07-11,,,14.5,,,
2011-07-12,14.65,14.65,14.5,14.5,1.0,3000.0
2011-07-13,,,15.0,,,
2011-07-14,14.3,14.0,14.0,15.0,5.0,64840.0
2011-07-15,15.0,13.0,14.0,14.0,11.0,226062.0
2011-07-18,15.0,13.0,14.0,14.0,4.0,25904.0
2011-07-19,,,14.0,,,
2011-07-20,15.0,14.98,14.25,14.0,2.0,15149.0
2011-07-21,14.985,14.985,14.25,12.5,1.0,176.0
2011-07-22,14.985,14.985,14.25,14.25,1.0,3253.0
2011-07-25,,,14.25,,,
2011-07-26,11.978,11.978,14.0,14.25,2.0,2345.0
2011-07-27,14.75,14.75,14.0,14.0,1.0,3000.0
2011-07-28,14.98,14.0,14.25,14.0,2.0,28337.0
2011-07-29,14.975,13.5,14.0,14.25,6.0,50099.0
2011-08-01,15.0,14.411,14.0,13.5,3.0,8988.0
2011-08-02,,,14.0,,,
2011-08-03,,,14.0,,,
2011-08-04,13.04,13.04,14.0,14.0,1.0,1988.0
2011-08-05,14.0,14.0,14.0,14.0,1.0,7000.0
2011-08-08,14.0,13.99,13.5,13.5,6.0,26004.0
2011-08-09,14.0,14.0,13.5,13.5,1.0,981.0
2011-08-10,14.0,13.125,13.5,13.5,2.0,33000.0
2011-08-11,,,13.5,,,
2011-08-12,14.0,14.0,13.5,13.5,1.0,10000.0
2011-08-15,13.99,13.99,13.5,13.5,1.0,32.0
2011-08-16,,,13.5,,,
2011-08-17,13.99,13.99,13.5,13.5,2.0,1014.0
2011-08-18,,,13.0,,,
2011-08-19,14.0,14.0,13.0,14.5,1.0,35447.0
2011-08-22,13.0,13.0,13.0,13.0,1.0,50000.0
2011-08-23,13.98,13.98,14.5,13.0,1.0,10000.0
2011-08-24,13.0,13.0,14.25,14.5,2.0,30000.0
2011-08-25,,,14.25,,,
2011-08-26,,,14.25,,,
2011-08-30,,,14.25,,,
2011-08-31,13.0,13.0,14.25,14.25,1.0,5000.0
2011-09-01,11.75,11.75,12.5,14.25,3.0,89900.0
2011-09-02,12.6,12.2,12.75,12.5,3.0,15935.0
2011-09-05,12.9,12.9,12.75,12.75,1.0,6201.0
2011-09-06,,,12.75,,,
2011-09-07,12.5,12.0,12.25,12.75,3.0,37500.0
2011-09-08,12.85,11.5,12.5,12.25,4.0,41000.0
2011-09-09,,,12.5,,,
2011-09-12,12.61,12.61,12.5,12.5,1.0,4000.0
2011-09-13,,,12.5,,,
2011-09-14,11.5,11.5,12.5,12.5,1.0,13000.0
2011-09-15,12.58,11.5,12.5,12.5,2.0,13052.0
2011-09-16,,,12.5,,,
2011-09-19,,,12.5,,,
2011-09-20,,,12.5,,,
2011-09-21,11.0,11.0,12.25,12.5,1.0,28000.0
2011-09-22,,,12.25,,,
2011-09-23,,,12.25,,,
2011-09-26,,,12.25,,,
2011-09-27,10.5,10.5,12.25,12.25,1.0,25000.0
2011-09-28,,,12.25,,,
2011-09-29,11.2,11.2,12.25,12.25,1.0,130000.0
2011-09-30,11.21,11.21,12.25,12.25,2.0,17770.0
2011-10-03,13.0,11.21,12.5,12.25,5.0,20215.0
2011-10-04,13.35,11.81,12.75,12.5,3.0,37760.0
2011-10-05,12.14,12.14,12.75,12.75,1.0,8500.0
2011-10-06,13.35,12.0,12.625,12.75,4.0,88241.0
2011-10-07,13.325,13.18,12.875,12.625,2.0,23812.0
2011-10-10,13.18,13.18,12.875,12.875,1.0,1811.0
2011-10-11,13.96,12.22,13.5,12.875,4.0,47019.0
2011-10-12,13.4,12.55,13.5,13.75,2.0,25350.0
2011-10-13,12.5,12.5,13.5,13.5,1.0,25000.0
2011-10-14,12.92,12.92,13.5,13.5,1.0,7755.0
2011-10-17,14.5,12.5,13.75,13.5,6.0,20286.0
2011-10-18,13.12,12.5,13.75,13.75,2.0,21000.0
2011-10-19,12.5,12.5,13.75,13.75,1.0,13000.0
2011-10-20,,,13.75,,,
2011-10-21,,,13.75,,,
2011-10-24,13.12,12.75,13.875,13.75,4.0,73716.0
2011-10-25,12.75,12.25,13.625,13.875,5.0,63631.0
2011-10-26,12.684,12.604,13.625,13.625,2.0,6000.0
2011-10-27,12.5,12.16,13.125,14.0,7.0,75299.0
2011-10-28,12.38,12.38,13.125,13.125,1.0,3922.0
2011-10-31,13.97,12.38,14.0,13.125,7.0,103583.0
2011-11-01,13.0,13.0,14.0,14.0,2.0,8745.0
2011-11-02,14.96,12.5,13.875,14.0,4.0,50085.0
2011-11-03,14.955,14.955,13.875,13.875,3.0,4067.0
2011-11-04,12.5,12.0,13.0,13.875,3.0,75000.0
2011-11-07,13.4,11.5,13.0,13.0,8.0,195828.0
2011-11-08,12.91,11.75,13.0,13.0,2.0,52950.0
2011-11-09,12.0,11.25,12.25,13.0,5.0,145000.0
2011-11-10,11.88,11.25,11.625,12.25,6.0,112678.0
2011-11-11,11.7,10.75,11.625,11.625,4.0,87726.0
2011-11-14,11.25,11.0,11.5,11.625,3.0,51000.0
2011-11-15,10.975,10.5,11.375,11.5,3.0,67500.0
2011-11-16,10.75,10.0,11.125,11.375,3.0,54000.0
2011-11-17,10.25,10.0,10.5,11.125,4.0,39033.0
2011-11-18,10.143,10.124,10.5,10.5,4.0,85152.0
2011-11-21,10.14,10.14,10.5,10.5,1.0,20000.0
2011-11-22,10.0,10.0,10.5,10.5,5.0,55222.0
2011-11-23,,,10.5,,,
2011-11-24,10.124,10.124,10.5,10.5,1.0,9705.0
2011-11-25,,,10.5,,,
2011-11-28,10.174,9.0,9.5,10.5,5.0,136132.0
2011-11-29,9.5,9.5,9.5,9.5,2.0,65000.0
2011-11-30,,,9.5,,,
2011-12-01,9.9,9.75,9.75,9.5,4.0,15930.0
2011-12-02,9.9,9.625,10.25,9.75,3.0,40010.0
2011-12-05,10.25,9.75,10.25,10.25,2.0,32777.0
2011-12-06,9.5,9.5,10.25,10.25,3.0,125000.0
2011-12-07,10.0,9.5,10.25,10.25,3.0,27257.0
2011-12-08,10.6,9.5,10.125,10.25,3.0,27293.0
2011-12-09,9.9,8.92,10.125,10.125,3.0,17274.0
2011-12-12,9.85,9.85,9.875,10.125,1.0,4949.0
2011-12-13,8.75,8.533,9.75,9.875,2.0,13476.0
2011-12-14,9.62,9.62,9.75,9.75,1.0,500.0
2011-12-15,,,9.75,,,
2011-12-16,8.5,8.5,8.625,9.75,2.0,22500.0
2011-12-19,9.0,9.0,8.625,8.625,2.0,55000.0
2011-12-20,8.622,8.622,8.625,8.625,1.0,20000.0
2011-12-21,,,8.625,,,
2011-12-22,9.0,8.622,8.625,8.625,2.0,14020.0
2011-12-23,8.25,8.25,8.625,8.625,1.0,6585.0
2011-12-28,8.95,8.95,8.625,8.625,1.0,11173.0
2011-12-29,8.95,8.0,8.625,9.75,3.0,84091.0
2011-12-30,,,8.625,,,
2012-01-03,8.25,8.25,8.625,8.625,1.0,13000.0
2012-01-04,8.95,8.95,8.625,8.625,4.0,19954.0
2012-01-05,8.9,8.9,8.625,8.625,2.0,16719.0
2012-01-06,8.95,8.95,8.625,8.625,3.0,14566.0
2012-01-09,8.5,8.45,8.625,8.625,2.0,27123.0
2012-01-10,,,8.625,,,
2012-01-11,8.35,8.35,8.625,8.625,2.0,24380.0
2012-01-12,,,8.625,,,
2012-01-13,8.25,8.25,8.625,8.625,1.0,13000.0
2012-01-16,8.9,8.335,8.625,8.625,3.0,63141.0
2012-01-17,8.25,8.25,8.625,8.625,1.0,13000.0
2012-01-18,,,8.625,,,
2012-01-19,8.74,7.5,8.25,8.625,8.0,177747.0
2012-01-20,7.5,6.0,7.125,8.25,10.0,190944.0
2012-01-23,7.22,6.0,7.125,7.0,4.0,64751.0
2012-01-24,8.0,5.5,6.875,7.125,4.0,96224.0
2012-01-25,5.75,5.5,7.0,6.875,4.0,213550.0
2012-01-26,6.0,5.0,6.625,7.0,4.0,92500.0
2012-01-27,5.0,5.0,6.625,6.625,1.0,23595.0
2012-01-30,,,6.625,,,
2012-01-31,,,6.625,,,
2012-02-01,,,6.625,,,
2012-02-02,6.0,6.0,6.625,6.625,1.0,500.0
2012-02-03,6.0,6.0,6.625,6.625,1.0,100000.0
2012-02-06,4.101,4.101,5.625,6.625,1.0,32828.0
2012-02-07,5.775,5.775,5.625,5.625,2.0,10837.0
2012-02-08,5.75,5.75,5.625,5.625,1.0,10000.0
2012-02-09,5.75,5.0,5.625,5.625,2.0,49504.0
2012-02-10,5.645,5.645,5.625,5.625,1.0,10000.0
2012-02-13,5.645,5.5,5.625,5.625,2.0,100000.0
2012-02-14,,,5.625,,,
2012-02-15,5.645,5.25,5.625,5.625,2.0,85000.0
2012-02-16,,,5.625,,,
2012-02-17,5.25,5.0,5.5,5.625,4.0,85000.0
2012-02-20,,,5.5,,,
2012-02-21,,,5.5,,,
2012-02-22,5.5,5.5,5.5,5.5,1.0,17847.0
2012-02-23,,,5.5,,,
2012-02-24,5.0,5.0,5.5,5.5,1.0,2544.0
2012-02-27,,,5.5,,,
2012-02-28,,,5.5,,,
2012-02-29,,,5.5,,,
2012-03-01,7.0,5.0,6.5,5.5,3.0,188000.0
2012-03-02,7.973,7.9,6.5,6.5,2.0,12430.0
2012-03-05,8.25,6.5,7.25,6.5,4.0,47500.0
2012-03-06,8.5,8.5,7.25,7.25,1.0,9411.0
2012-03-07,,,7.25,,,
2012-03-08,6.68,6.0,7.25,7.25,3.0,45000.0
2012-03-09,6.68,6.68,7.25,7.25,1.0,10000.0
2012-03-12,6.68,6.68,7.25,7.25,1.0,25000.0
2012-03-13,8.0,8.0,7.25,7.25,1.0,5000.0
2012-03-14,6.5,6.5,7.25,7.25,5.0,115000.0
2012-03-15,7.0,6.5,7.25,7.25,3.0,225750.0
2012-03-16,,,7.25,,,
2012-03-19,8.0,8.0,7.25,7.25,1.0,20000.0
2012-03-20,6.175,6.175,7.25,7.25,1.0,750.0
2012-03-21,8.0,8.0,7.25,7.25,1.0,6000.0
2012-03-22,6.5,6.5,6.75,7.25,1.0,35000.0
2012-03-23,7.0,7.0,6.625,6.75,1.0,1400.0
2012-03-26,6.0,6.0,6.625,6.625,1.0,20000.0
2012-03-27,6.0,6.0,6.625,6.625,1.0,35000.0
2012-03-28,7.0,6.0,6.625,6.625,3.0,17015.0
2012-03-29,,,6.625,,,
2012-03-30,7.25,7.25,6.625,6.625,1.0,11000.0
2012-04-02,9.0,7.028,7.625,6.625,6.0,65675.0
2012-04-03,9.0,6.5,7.625,7.625,3.0,70000.0
2012-04-04,6.663,6.25,7.25,7.625,2.0,25900.0
2012-04-05,8.508,7.0,8.125,7.25,3.0,80000.0
2012-04-10,8.563,6.75,7.5,8.125,9.0,106672.0
2012-04-11,8.0,8.0,7.5,7.5,1.0,1000.0
2012-04-12,7.5,6.5,7.5,7.5,4.0,55081.0
2012-04-13,7.5,6.5,7.5,7.5,2.0,21666.0
2012-04-16,7.4,7.4,7.5,7.5,1.0,35000.0
2012-04-17,,,7.5,,,
2012-04-18,,,7.5,,,
2012-04-19,7.5,6.5,7.25,7.5,2.0,62000.0
2012-04-20,7.4,7.4,7.25,7.25,1.0,5593.0
2012-04-23,,,7.25,,,
2012-04-24,6.5,6.5,7.25,7.25,1.0,15000.0
2012-04-25,6.0,6.0,6.5,7.25,2.0,30000.0
2012-04-26,,,6.5,,,
2012-04-27,6.7,6.7,6.5,6.5,1.0,18656.0
2012-04-30,6.65,6.6,6.5,6.5,2.0,57257.0
2012-05-01,6.65,6.65,6.5,6.5,1.0,40000.0
2012-05-02,7.1,5.5,6.5,6.5,4.0,79257.0
2012-05-03,,,6.5,,,
2012-05-04,5.5,5.5,6.5,6.5,1.0,25000.0
2012-05-08,6.8,6.8,6.5,6.5,1.0,85.0
2012-05-09,5.5,5.5,6.25,6.5,1.0,10000.0
2012-05-10,,,6.25,,,
2012-05-11,6.3,6.3,6.25,6.25,2.0,5286.0
2012-05-14,,,6.25,,,
2012-05-15,6.05,4.684,5.75,6.25,2.0,60000.0
2012-05-16,5.0,4.5,5.75,5.75,2.0,17740.0
2012-05-17,6.0,6.0,6.0,6.0,1.0,7500.0
2012-05-18,6.0,5.0,5.875,6.0,3.0,69080.0
2012-05-21,6.0,5.0,5.875,5.875,3.0,120000.0
2012-05-22,5.0,5.0,5.875,5.875,1.0,40000.0
2012-05-23,6.0,6.0,5.875,5.875,1.0,30000.0
2012-05-24,5.018,5.0175,5.875,5.875,1.0,714.0
2012-05-25,,,5.875,,,
2012-05-28,,,5.875,,,
2012-05-29,5.0,5.0,5.875,5.75,1.0,40000.0
2012-05-30,6.0,5.018,5.875,5.875,3.0,55365.0
2012-05-31,,,5.875,,,
2012-06-01,5.0,5.0,5.625,5.875,1.0,10000.0
2012-06-06,5.67,4.5,5.25,5.625,4.0,25877.0
2012-06-07,5.175,5.175,5.25,5.25,1.0,45000.0
2012-06-08,4.515,4.515,5.25,5.25,1.0,320.0
2012-06-11,,,5.25,,,
2012-06-12,,,5.25,,,
2012-06-13,5.17,5.17,5.25,5.25,1.0,320.0
2012-06-14,,,5.25,,,
2012-06-15,,,5.25,,,
2012-06-18,,,5.25,,,
2012-06-19,,,5.25,,,
2012-06-20,,,5.25,,,
2012-06-21,,,5.25,,,
2012-06-22,4.012,4.012,5.25,5.25,1.0,40000.0
2012-06-25,,,5.25,,,
2012-06-26,4.5,4.5,5.25,5.25,1.0,6000.0
2012-06-27,,,5.25,,,
2012-06-28,4.5,4.5,5.25,5.25,1.0,7777.0
2012-06-29,4.5,4.0,4.75,5.25,4.0,225500.0
2012-07-02,,,4.75,,,
2012-07-03,4.1,4.0,4.75,4.75,2.0,100000.0
2012-07-04,4.1,4.1,4.75,4.75,1.0,1811.0
2012-07-05,,,4.75,,,
2012-07-06,,,4.75,,,
2012-07-09,,,4.75,,,
2012-07-10,,,4.75,,,
2012-07-11,,,4.75,,,
2012-07-12,,,4.75,,,
2012-07-13,4.6,4.6,4.75,4.75,1.0,1039.0
2012-07-16,,,4.75,,,
2012-07-17,,,4.75,,,
2012-07-18,,,4.75,,,
2012-07-19,,,4.75,,,
2012-07-20,,,4.75,,,
2012-07-23,,,4.75,,,
2012-07-24,,,4.75,,,
2012-07-25,,,4.75,,,
2012-07-26,,,4.75,,,
2012-07-27,4.0,4.0,4.75,4.75,1.0,1700.0
2012-07-30,,,4.75,,,
2012-07-31,,,4.75,,,
2012-08-01,,,4.75,,,
2012-08-02,,,4.75,,,
2012-08-03,4.1,4.1,4.5,4.75,1.0,12000.0
2012-08-06,4.0,4.0,4.25,4.5,3.0,50435.0
2012-08-07,,,4.25,,,
2012-08-08,,,4.25,,,
2012-08-09,5.0,4.0,4.25,4.25,3.0,118500.0
2012-08-10,,,4.25,,,
2012-08-13,,,4.25,,,
2012-08-14,,,4.25,,,
2012-08-15,,,4.25,,,
2012-08-16,,,4.25,,,
2012-08-17,3.5,3.25,4.0,4.25,2.0,55000.0
2012-08-20,4.25,4.25,4.0,4.0,1.0,100000.0
2012-08-21,,,4.0,,,
2012-08-22,,,4.0,,,
2012-08-23,,,4.0,,,
2012-08-24,3.35,1.5,3.25,4.0,27.0,404028.0
2012-08-28,2.5,2.5,2.625,3.25,7.0,80050.0
2012-08-29,2.71,2.25,2.5,2.625,3.0,22000.0
2012-08-30,2.4,2.125,2.5,,,
2012-08-31,2.4,2.125,2.75,2.5,4.0,76253.0
2012-09-03,2.72,2.25,2.75,2.75,3.0,20618.0
2012-09-04,2.25,2.25,2.75,2.75,1.0,1792.0
2012-09-05,2.25,2.0,2.625,2.75,4.0,43664.0
2012-09-06,2.56,2.41,2.625,2.625,2.0,3252.0
2012-09-07,2.625,2.625,2.625,2.625,1.0,5000.0
2012-09-10,2.36,2.0,2.375,2.625,3.0,51594.0
2012-09-11,,,2.375,,,
2012-09-12,2.36,2.36,2.375,2.375,1.0,25000.0
2012-09-13,2.5,2.5,2.5,2.375,1.0,20000.0
2012-09-14,2.5,1.9,2.625,2.5,4.0,170000.0
2012-09-17,3.0,2.0,2.75,2.625,4.0,414528.0
2012-09-18,,,2.75,,,
2012-09-19,,,2.75,,,
2012-09-20,,,2.75,,,
2012-09-21,,,2.75,,,
2012-09-24,3.25,2.25,2.75,2.75,2.0,13296.0
2012-09-25,,,2.75,,,
2012-09-26,,,2.75,,,
2012-09-27,,,2.75,,,
2012-09-28,2.55,2.29,2.75,2.75,3.0,18048.0
2012-10-01,,,2.75,,,
2012-10-02,3.25,2.27,2.75,2.75,2.0,26009.0
2012-10-03,,,2.75,,,
2012-10-04,2.27,2.265,2.625,2.75,2.0,39522.0
2012-10-05,,,2.625,,,
2012-10-08,2.0,2.0,2.5,2.625,1.0,100000.0
2012-10-09,2.02,2.02,2.5,2.5,3.0,20873.0
2012-10-10,2.0,2.0,2.5,2.5,1.0,14000.0
2012-10-11,,,2.5,,,
2012-10-12,2.5,2.0,2.5,2.5,4.0,28476.0
2012-10-15,2.5,2.5,2.5,2.5,1.0,20000.0
2012-10-16,,,2.5,,,
2012-10-17,2.5,2.5,2.5,2.5,1.0,15000.0
2012-10-18,,,2.5,,,
2012-10-19,2.0,2.0,2.5,2.5,1.0,15820.0
2012-10-22,,,2.5,,,
2012-10-23,2.7,2.7,2.5,2.5,1.0,25000.0
2012-10-24,,,2.5,,,
2012-10-25,,,2.5,,,
2012-10-26,2.0,2.0,2.375,2.375,1.0,25000.0
2012-10-29,2.5,2.5,2.625,2.625,1.0,75000.0
2012-10-30,2.5,2.5,2.625,2.625,1.0,10000.0
2012-10-31,,,2.625,,,
2012-11-01,2.0,2.0,2.625,2.625,2.0,9008.0
2012-11-02,,,2.625,,,
2012-11-05,2.0,2.0,2.625,2.625,1.0,8000.0
2012-11-06,,,2.625,,,
2012-11-07,,,2.625,,,
2012-11-08,2.0,2.0,2.625,2.625,1.0,14343.0
2012-11-09,,,2.625,,,
2012-11-12,,,2.625,,,
2012-11-13,,,2.625,,,
2012-11-14,,,2.625,,,
2012-11-15,2.0,2.0,2.625,2.625,1.0,1942.0
2012-11-16,,,2.625,,,
2012-11-19,,,2.625,,,
2012-11-20,,,2.625,,,
2012-11-21,,,2.625,,,
2012-11-22,,,2.625,,,
2012-11-23,,,2.625,,,
2012-11-26,2.9,1.75,2.375,2.625,4.0,143389.0
2012-11-27,,,2.375,,,
2012-11-28,,,2.375,,,
2012-11-29,,,2.375,,,
2012-11-30,,,2.375,,,
2012-12-03,,,2.375,,,
2012-12-04,,,2.375,,,
2012-12-05,2.25,2.25,2.375,2.375,1.0,20000.0
2012-12-06,,,2.375,,,
2012-12-07,,,2.375,,,
2012-12-10,,,2.375,,,
2012-12-11,,,2.375,,,
2012-12-12,1.75,1.75,2.375,2.375,1.0,1000.0
2012-12-13,,,2.375,,,
2012-12-14,,,2.375,,,
2012-12-17,,,2.375,,,
2012-12-18,1.75,1.75,2.375,2.375,1.0,130486.0
2012-12-19,,,2.375,,,
2012-12-20,1.75,1.75,2.375,2.375,1.0,3394.0
2012-12-21,,,2.375,,,
2012-12-24,,,2.375,,,
2012-12-27,,,2.375,,,
2012-12-28,,,2.375,,,
2012-12-31,,,2.375,,,
2013-01-02,2.0,1.75,2.375,2.375,3.0,19936.0
2013-01-03,,,2.375,,,
2013-01-04,,,2.375,,,
2013-01-07,,,2.375,,,
2013-01-08,,,2.375,,,
2013-01-09,,,2.375,,,
2013-01-10,,,2.375,,,
2013-01-11,,,2.25,,,
2013-01-14,1.75,1.75,1.75,2.25,2.0,28675.0
2013-01-15,1.5,1.5,1.625,1.75,1.0,5211.0
2013-01-16,1.5,1.5,1.625,1.625,1.0,50000.0
2013-01-17,1.25,1.0,1.375,1.625,3.0,29468.0
2013-01-18,,,1.375,,,
2013-01-21,1.0,1.0,1.375,1.375,1.0,10000.0
2013-01-22,,,1.375,,,
2013-01-23,,,1.375,,,
2013-01-24,,,1.375,,,
2013-01-25,,,1.375,,,
2013-01-28,,,1.375,,,
2013-01-29,1.2625,1.2625,1.375,1.375,1.0,8000.0
2013-01-30,,,1.375,,,
2013-01-31,1.25,0.748,1.125,1.375,5.0,2419851.0
2013-02-01,1.1056,1.005,1.125,1.125,2.0,106000.0
2013-02-04,1.1125,1.1125,1.125,1.125,1.0,37500.0
2013-02-05,1.1125,1.007,1.175,1.125,2.0,230808.0
2013-02-06,1.1575,1.0,1.175,1.175,3.0,161329.0
2013-02-07,,,1.175,,,
2013-02-08,,,1.175,,,
2013-02-11,,,1.175,,,
2013-02-12,1.1575,1.1575,1.175,1.175,1.0,150000.0
2013-02-13,,,1.175,,,
2013-02-14,,,1.175,,,
2013-02-15,1.0,1.0,1.175,1.175,2.0,21993.0
2013-02-18,1.0,1.0,1.175,1.175,1.0,30000.0
2013-02-19,,,1.175,,,
2013-02-20,,,1.175,,,
2013-02-21,1.1575,1.1575,1.175,1.175,1.0,50000.0
2013-02-22,1.1575,1.0,1.175,1.25,4.0,98807.0
2013-02-25,1.1575,1.1575,1.175,1.175,2.0,27270.0
2013-02-26,,,1.175,,,
2013-02-27,,,1.175,,,
2013-02-28,,,1.175,,,
2013-03-01,1.13,1.13,1.175,1.175,1.0,50000.0
2013-03-04,1.0,1.0,1.175,1.25,2.0,40504.0
2013-03-05,1.1575,1.1575,1.175,1.175,2.0,70000.0
2013-03-06,1.25,1.1575,1.175,1.175,3.0,150000.0
2013-03-07,1.15,1.15,1.175,1.175,1.0,30000.0
2013-03-08,1.0,1.0,1.175,1.175,1.0,1592.0
2013-03-11,1.15,1.0,1.175,1.175,2.0,50600.0
2013-03-12,,,1.175,,,
2013-03-13,1.0,1.0,1.175,1.175,1.0,746.0
2013-03-14,1.1575,1.1575,1.175,1.175,2.0,125000.0
2013-03-15,,,1.175,,,
2013-03-18,1.25,1.25,1.175,1.175,1.0,50000.0
2013-03-19,1.49,1.35,1.25,1.175,2.0,55543.0
2013-03-20,1.5,1.5,1.25,1.25,1.0,50000.0
2013-03-21,1.5,1.1,1.25,1.25,2.0,85000.0
2013-03-22,,,1.25,,,
2013-03-25,,,1.25,,,
2013-03-26,,,1.25,,,
2013-03-27,,,1.25,,,
2013-03-28,1.475,1.475,1.25,1.25,1.0,1575.0
2013-04-02,1.1,1.1,1.25,1.25,1.0,5817.0
2013-04-03,,,1.25,,,
2013-04-04,,,1.25,,,
2013-04-05,1.25,1.25,1.25,1.25,1.0,107143.0
2013-04-08,,,1.25,,,
2013-04-09,,,1.25,,,
2013-04-10,,,1.25,,,
2013-04-11,1.1,1.1,1.25,1.25,1.0,5543.0
2013-04-12,,,1.25,,,
2013-04-15,,,1.25,,,
2013-04-16,,,1.25,,,
2013-04-17,,,1.25,,,
2013-04-18,,,1.25,,,
2013-04-19,1.245,1.0,1.125,1.25,3.0,45999.0
2013-04-22,,,1.125,,,
2013-04-23,,,1.125,,,
2013-04-24,1.75,1.247,1.65,1.125,6.0,166991.0
2013-04-25,1.9,1.9,1.75,1.65,1.0,25000.0
2013-04-26,2.0,2.0,1.875,1.75,2.0,36000.0
2013-04-29,2.2,2.0,2.125,1.875,6.0,646074.0
2013-04-30,2.2,2.2,2.125,2.125,1.0,13390.0
2013-05-01,2.0,1.75,2.075,2.125,2.0,50000.0
2013-05-02,,,2.075,,,
2013-05-03,1.9,1.9,2.075,2.075,1.0,2043.0
2013-05-07,,,2.075,,,
2013-05-08,2.25,2.25,2.25,2.2,1.0,2123.0
2013-05-09,2.0,2.0,2.25,2.25,1.0,11000.0
2013-05-10,,,2.25,,,
2013-05-13,,,2.25,,,
2013-05-14,,,2.25,,,
2013-05-15,,,2.25,,,
2013-05-16,,,2.25,,,
2013-05-17,,,2.25,,,
2013-05-20,,,2.25,,,
2013-05-21,,,2.25,,,
2013-05-22,,,2.25,,,
2013-05-23,,,2.2,,,
2013-05-24,2.38,2.38,2.2,2.2,1.0,3681.0
2013-05-28,2.275,1.75,2.2,2.25,3.0,104099.0
2013-05-29,1.9,1.9,2.2,2.2,1.0,5974.0
2013-05-30,1.9,1.5,1.9,2.2,4.0,207365.0
2013-05-31,2.0,1.8,2.0,1.9,2.0,75000.0
2013-06-03,2.0,1.75,1.9,1.9,2.0,68827.0
2013-06-04,,,1.9,,,
2013-06-05,,,1.9,,,
2013-06-06,1.8,1.8,1.9,1.9,1.0,12500.0
2013-06-07,,,1.9,,,
2013-06-10,,,1.9,,,
2013-06-11,1.8,1.8,1.9,1.9,1.0,22388.0
2013-06-12,,,1.9,,,
2013-06-13,,,1.9,,,
2013-06-14,1.6,1.5,1.625,1.9,3.0,309099.0
2013-06-17,,,1.625,,,
2013-06-18,,,1.625,,,
2013-06-19,,,1.625,,,
2013-06-20,,,1.625,,,
2013-06-21,,,1.625,,,
2013-06-24,1.25,1.25,1.6,1.625,1.0,225000.0
2013-06-25,,,1.6,,,
2013-06-26,,,1.6,,,
2013-06-27,,,1.6,,,
2013-06-28,,,1.6,,,
2013-07-01,,,1.6,,,
2013-07-02,,,1.6,,,
2013-07-03,,,1.6,,,
2013-07-04,,,1.6,,,
2013-07-05,,,1.6,,,
2013-07-08,,,1.6,,,
2013-07-09,,,1.6,,,
2013-07-10,1.5,1.5,1.6,1.6,2.0,14411.0
2013-07-11,,,1.6,,,
2013-07-12,,,1.6,,,
2013-07-15,,,1.6,,,
2013-07-16,,,1.6,,,
2013-07-17,1.5,1.5,1.6,1.6,2.0,68000.0
2013-07-18,,,1.6,,,
2013-07-19,,,1.6,,,
2013-07-22,1.598,1.598,1.6,1.6,1.0,100000.0
2013-07-23,,,1.6,,,
2013-07-24,,,1.6,,,
2013-07-25,,,1.6,,,
2013-07-26,,,1.6,,,
2013-07-29,1.58,1.58,1.6,1.6,1.0,15618.0
2013-07-30,,,1.6,,,
2013-07-31,,,1.6,,,
2013-08-01,,,1.6,,,
2013-08-02,,,1.6,,,
2013-08-05,,,1.6,,,
2013-08-06,,,1.6,,,
2013-08-07,,,1.6,,,
2013-08-08,,,1.6,,,
2013-08-09,,,1.6,,,
2013-08-12,,,1.6,,,
2013-08-13,,,1.6,,,
2013-08-14,1.5,1.5,1.55,1.6,1.0,25000.0
2013-08-15,,,1.55,,,
2013-08-16,,,1.55,,,
2013-08-19,1.4,1.4,1.55,1.55,1.0,37500.0
2013-08-20,,,1.55,,,
2013-08-21,,,1.55,,,
2013-08-22,,,1.55,,,
2013-08-23,1.4,1.4,1.55,1.55,1.0,6000.0
2013-08-27,,,1.55,,,
2013-08-28,1.4,1.4,1.55,1.55,1.0,2255.0
2013-08-29,,,1.55,,,
2013-08-30,,,1.55,,,
2013-09-02,,,1.55,,,
2013-09-03,,,1.55,,,
2013-09-04,1.514,1.514,1.55,1.55,1.0,12014.0
2013-09-05,,,1.55,,,
2013-09-06,,,1.55,,,
2013-09-09,,,1.55,,,
2013-09-10,,,1.55,,,
2013-09-11,1.6,1.6,1.55,1.55,1.0,15000.0
2013-09-12,,,1.55,,,
2013-09-13,1.4,1.4,1.55,1.55,2.0,4601.0
2013-09-16,1.4,1.4,1.55,1.55,1.0,40000.0
2013-09-17,,,1.55,,,
2013-09-18,1.4,1.4,1.55,1.55,1.0,5000.0
2013-09-19,,,1.55,,,
2013-09-20,,,1.55,,,
2013-09-23,1.4,1.4,1.55,1.55,1.0,25000.0
2013-09-24,,,1.55,,,
2013-09-25,1.4,1.4,1.55,1.55,1.0,25000.0
2013-09-26,1.6,1.4,1.65,1.55,4.0,550000.0
2013-09-27,1.77,1.6,1.75,1.65,4.0,159007.0
2013-09-30,1.975,1.87,1.875,1.75,3.0,180037.0
2013-10-01,,,1.875,,,
2013-10-02,,,1.875,,,
2013-10-03,,,1.875,,,
2013-10-04,1.975,1.975,1.875,1.875,1.0,250000.0
2013-10-07,1.975,1.975,1.925,1.875,1.0,5038.0
2013-10-08,1.85,1.8,1.925,1.925,2.0,108695.0
2013-10-09,1.85,1.5,1.625,1.925,3.0,111000.0
2013-10-10,1.6281,1.5,1.625,1.625,2.0,92757.0
2013-10-11,,,1.625,,,
2013-10-14,,,1.625,,,
2013-10-15,1.62,1.62,1.625,1.625,1.0,100000.0
2013-10-16,1.75,1.74,1.625,1.625,2.0,500000.0
2013-10-17,1.62,1.62,1.625,1.625,1.0,100000.0
2013-10-18,1.5,1.5,1.625,1.625,1.0,2587.0
2013-10-21,,,1.625,,,
2013-10-22,,,1.625,,,
2013-10-23,,,1.625,,,
2013-10-24,,,1.625,,,
2013-10-25,1.6625,1.6625,1.675,1.625,1.0,150000.0
2013-10-28,1.8,1.75,1.675,1.675,2.0,200000.0
2013-10-29,1.8,1.75,1.675,1.675,4.0,281823.0
2013-10-30,1.55,1.55,1.625,1.675,3.0,175000.0
2013-10-31,1.5,1.5,1.625,1.625,3.0,110000.0
2013-11-01,1.5,1.5,1.625,1.625,1.0,3564.0
2013-11-04,1.5,1.5,1.625,1.625,1.0,50000.0
2013-11-05,1.5,1.5,1.625,1.625,1.0,35000.0
2013-11-06,1.4,1.4,1.575,1.625,1.0,70000.0
2013-11-07,1.8792,1.5633,1.65,1.675,9.0,424929.0
2013-11-08,,,1.65,,,
2013-11-11,1.67,1.649,1.65,1.65,2.0,250000.0
2013-11-12,1.55,1.55,1.625,1.65,1.0,58374.0
2013-11-13,1.6,1.5,1.625,1.625,2.0,72000.0
2013-11-14,1.6,1.5,1.525,1.625,5.0,374000.0
2013-11-15,1.15,1.15,1.325,1.525,1.0,750000.0
2013-11-18,1.28,1.28,1.325,1.325,1.0,19045.0
2013-11-19,1.25,1.1,1.3,1.325,2.0,78270.0
2013-11-20,1.2,1.2,1.3,1.3,1.0,37257.0
2013-11-21,,,1.3,,,
2013-11-22,1.318,1.318,1.3,1.3,1.0,12000.0
2013-11-25,1.2,1.2,1.275,1.3,2.0,50000.0
2013-11-26,,,1.275,1.275,,
2013-11-27,1.15,1.15,1.275,1.275,1.0,2261.0
2013-11-28,,,1.275,1.275,,
2013-11-29,,,1.275,1.275,,
2013-12-02,1.15,1.15,1.275,1.275,1.0,2286.0
2013-12-03,,,1.275,,,
2013-12-04,1.475,1.125,1.375,1.375,6.0,1260600.0
2013-12-05,1.53,1.4,1.475,1.475,4.0,537582.0
2013-12-06,1.7,1.53,1.675,1.475,10.0,2357660.0
2013-12-09,1.6833,1.4,1.675,1.675,3.0,711320.0
2013-12-10,1.7975,1.7975,1.675,1.675,1.0,12000.0
2013-12-11,1.55,1.55,1.675,1.675,1.0,20000.0
2013-12-12,1.675,1.675,1.675,1.675,1.0,89552.0
2013-12-13,1.55,1.55,1.675,1.675,1.0,12014.0
2013-12-16,,,1.675,,,
2013-12-17,,,1.675,,,
2013-12-18,,,1.675,,,
2013-12-19,,,1.675,,,
2013-12-20,,,1.675,,,
2013-12-23,,,1.675,,,
2013-12-24,,,1.675,,,
2013-12-27,,,1.675,,,
2013-12-30,,,1.675,,,
2013-12-31,,,1.675,,,
2014-01-02,,,1.675,,,
2014-01-03,,,1.675,,,
2014-01-06,,,1.675,,,
2014-01-07,,,1.675,,,
2014-01-08,,,1.675,,,
2014-01-09,,,1.675,,,
2014-01-10,1.68,1.67,1.7,1.675,3.0,300000.0
2014-01-13,,,1.7,,,
2014-01-14,,,1.7,,,
2014-01-15,,,1.7,,,
2014-01-16,,,1.7,,,
2014-01-17,,,1.7,,,
2014-01-20,,,1.7,,,
2014-01-21,1.7,1.7,1.7,1.7,1.0,75000.0
2014-01-22,1.78,1.78,1.7,1.7,1.0,1006.0
2014-01-23,,,1.7,,,
2014-01-24,,,1.7,,,
2014-01-27,,,1.7,,,
2014-01-28,,,1.7,,,
2014-01-29,,,1.7,,,
2014-01-30,1.8,1.6,1.7,1.7,2.0,60000.0
2014-01-31,,,1.7,,,
2014-02-03,1.798,1.798,1.7,1.7,1.0,12345.0
2014-02-04,,,1.7,,,
2014-02-05,1.6,1.6,1.7,1.7,1.0,4639.0
2014-02-06,,,1.7,,,
2014-02-07,,,1.7,,,
2014-02-10,1.551,1.3,1.525,1.7,2.0,82660.0
2014-02-11,1.3,1.3,1.525,1.525,1.0,286.0
2014-02-12,,,1.525,,,
2014-02-13,,,1.525,,,
2014-02-14,1.25,1.25,1.525,1.525,2.0,500000.0
2014-02-17,,,1.525,,,
2014-02-18,,,1.525,,,
2014-02-19,,,1.525,,,
2014-02-20,,,1.525,,,
2014-02-21,,,1.525,,,
2014-02-24,,,1.525,,,
2014-02-25,,,1.525,,,
2014-02-26,,,1.525,,,
2014-02-27,,,1.525,,,
2014-02-28,,,1.525,,,
2014-03-03,,,1.525,,,
2014-03-04,,,1.525,,,
2014-03-05,,,1.525,,,
2014-03-06,,,1.525,,,
2014-03-07,,,1.525,,,
2014-03-10,,,1.525,,,
2014-03-11,1.7,1.7,1.525,1.525,1.0,50000.0
2014-03-12,1.8,1.8,1.875,1.525,1.0,25000.0
2014-03-13,,,1.875,,,
2014-03-14,1.55,1.55,1.875,1.875,1.0,5037.0
2014-03-17,,,1.875,,,
2014-03-18,,,1.875,,,
2014-03-19,,,1.875,,,
2014-03-20,,,1.875,,,
2014-03-21,,,1.875,,,
2014-03-24,,,1.875,,,
2014-03-25,2.292,1.77,2.125,1.875,3.0,126489.0
2014-03-26,,,2.125,,,
2014-03-27,2.4,2.4,2.125,2.125,1.0,25000.0
2014-03-28,,,2.125,,,
2014-03-31,,,2.125,,,
2014-04-01,1.8,1.8,2.125,2.125,1.0,7000.0
2014-04-02,,,2.125,,,
2014-04-03,,,2.125,,,
2014-04-04,,,2.125,,,
2014-04-07,2.7405,2.5,2.275,2.275,2.0,70706.0
2014-04-08,,,2.275,,,
2014-04-09,,,2.275,,,
2014-04-10,,,2.275,,,
2014-04-11,,,2.275,,,
2014-04-14,2.0,2.0,2.275,2.275,1.0,7877.0
2014-04-15,,,2.275,,,
2014-04-16,,,2.275,,,
2014-04-17,,,2.275,,,
2014-04-22,,,2.275,,,
2014-04-23,,,2.275,,,
2014-04-24,,,2.275,,,
2014-04-25,,,2.275,,,
2014-04-28,,,2.275,,,
2014-04-29,,,2.275,,,
2014-04-30,,,2.275,,,
2014-05-01,,,2.275,,,
2014-05-02,,,2.275,,,
2014-05-06,,,2.275,,,
2014-05-07,,,2.275,,,
2014-05-08,,,2.275,,,
2014-05-09,,,2.275,,,
2014-05-12,,,2.275,,,
2014-05-13,,,2.275,,,
2014-05-14,,,2.275,,,
2014-05-15,,,2.275,,,
2014-05-16,,,2.275,,,
2014-05-19,,,2.275,,,
2014-05-20,,,2.275,,,
2014-05-21,,,2.275,,,
2014-05-22,2.0,2.0,2.275,2.275,1.0,65000.0
2014-05-23,2.4,2.4,2.275,2.275,1.0,100000.0
2014-05-27,,,2.275,,,
2014-05-28,,,2.275,,,
2014-05-29,,,2.275,,,
2014-05-30,,,2.275,,,
2014-06-02,,,2.275,,,
2014-06-03,,,2.275,,,
2014-06-04,1.81,1.8,2.275,2.275,2.0,77540.0
2014-06-05,,,2.275,,,
2014-06-06,,,2.275,,,
2014-06-09,,,2.275,,,
2014-06-10,2.37,2.37,2.275,2.275,2.0,150000.0
2014-06-11,,,2.275,,,
2014-06-12,,,2.275,,,
2014-06-13,,,2.275,,,
2014-06-16,,,2.275,,,
2014-06-17,,,2.275,,,
2014-06-18,,,2.275,,,
2014-06-19,,,2.275,,,
2014-06-20,,,2.275,,,
2014-06-23,,,2.275,,,
2014-06-24,,,2.275,,,
2014-06-25,,,2.275,,,
2014-06-26,,,2.275,,,
2014-06-27,,,2.275,,,
2014-06-30,,,2.275,,,
2014-07-01,,,2.275,,,
2014-07-02,,,2.275,,,
2014-07-03,,,2.275,,,
2014-07-04,,,2.275,,,
2014-07-07,,,2.275,,,
2014-07-08,,,2.275,,,
2014-07-09,,,2.275,,,
2014-07-10,1.9425,1.9425,2.275,2.275,1.0,150000.0
2014-07-11,,,2.275,,,
2014-07-14,,,2.275,,,
2014-07-15,,,2.275,,,
2014-07-16,,,2.275,,,
2014-07-17,,,2.275,,,
2014-07-18,,,2.275,,,
2014-07-21,,,2.275,,,
2014-07-22,,,2.275,,,
2014-07-23,,,2.275,,,
2014-07-24,,,2.275,,,
2014-07-25,,,2.275,,,
2014-07-28,,,2.275,,,
2014-07-29,,,2.275,,,
2014-07-30,,,2.275,,,
2014-07-31,,,2.275,,,
2014-08-01,,,2.275,,,
2014-08-04,2.5773,1.8095,2.375,2.275,2.0,114925.0
2014-08-05,5.0,2.85,3.375,2.875,26.0,760817.0
2014-08-06,3.5625,3.5625,3.375,3.375,1.0,69824.0
2014-08-07,3.0,3.0,3.375,3.375,1.0,880.0
2014-08-08,,,3.375,,,
2014-08-11,3.0,3.0,3.25,3.375,1.0,69824.0
2014-08-12,,,3.25,,,
2014-08-13,,,3.25,,,
2014-08-14,3.475,3.475,3.25,3.25,1.0,100000.0
2014-08-15,3.75,2.8059,3.25,3.25,2.0,146470.0
2014-08-18,,,3.25,,,
2014-08-19,,,3.25,,,
2014-08-20,2.75,2.75,3.25,3.25,1.0,20000.0
2014-08-21,,,3.25,,,
2014-08-22,,,3.25,,,
2014-08-26,,,3.375,,,
2014-08-27,3.75,3.75,3.375,3.375,2.0,63000.0
2014-08-28,,,3.375,,,
2014-08-29,3.75,3.75,3.375,3.375,1.0,10000.0
2014-09-01,,,3.375,,,
2014-09-02,,,3.375,,,
2014-09-03,,,3.375,,,
2014-09-04,,,3.375,,,
2014-09-05,,,3.375,,,
2014-09-08,,,3.375,,,
2014-09-09,,,3.375,,,
2014-09-10,,,3.375,,,
2014-09-11,,,3.375,,,
2014-09-12,3.75,3.35,3.375,3.375,2.0,13000.0
2014-09-15,3.75,3.75,3.375,3.375,1.0,1200.0
2014-09-16,,,3.375,,,
2014-09-17,,,3.375,,,
2014-09-18,3.75,3.75,3.375,3.375,1.0,10000.0
2014-09-19,,,3.375,,,
2014-09-22,,,3.375,,,
2014-09-23,,,3.375,,,
2014-09-24,,,3.375,,,
2014-09-25,,,3.375,,,
2014-09-26,3.4313,3.375,3.375,3.375,2.0,29377.0
2014-09-29,3.25,3.25,3.375,3.375,1.0,60000.0
2014-09-30,,,3.375,,,
2014-10-01,,,3.375,,,
2014-10-02,3.25,3.25,3.375,3.375,1.0,50000.0
2014-10-03,3.0,3.0,3.25,3.375,1.0,15000.0
2014-10-06,,,3.25,,,
2014-10-07,,,3.25,,,
2014-10-08,,,3.25,,,
2014-10-09,,,3.25,,,
2014-10-10,,,3.25,,,
2014-10-13,,,3.125,,,
2014-10-14,2.75,2.75,3.125,3.125,1.0,5824.0
2014-10-15,2.75,2.75,3.125,3.125,1.0,2578.0
2014-10-16,,,3.125,,,
2014-10-17,,,3.125,,,
2014-10-20,,,3.125,,,
2014-10-21,,,3.125,,,
2014-10-22,,,3.125,,,
2014-10-23,,,3.125,,,
2014-10-24,,,3.125,,,
2014-10-27,,,3.125,,,
2014-10-28,,,3.125,,,
2014-10-29,,,3.125,,,
2014-10-30,,,3.125,,,
2014-10-31,,,3.125,,,
2014-11-03,2.75,2.75,3.125,3.125,1.0,5000.0
2014-11-04,,,3.125,,,
2014-11-05,,,3.125,,,
2014-11-06,,,3.125,,,
2014-11-07,,,3.125,,,
2014-11-10,,,3.0,,,
2014-11-11,,,3.0,,,
2014-11-12,,,3.0,,,
2014-11-13,,,3.0,,,
2014-11-14,,,3.0,,,
2014-11-17,,,3.0,,,
2014-11-18,,,3.0,,,
2014-11-19,,,3.0,,,
2014-11-20,,,3.0,,,
2014-11-21,,,3.0,,,
2014-11-24,,,3.0,,,
2014-11-25,,,3.0,,,
2014-11-26,,,3.0,,,
2014-11-27,,,3.0,,,
2014-11-28,,,3.0,,,
2014-12-01,,,3.0,,,
2014-12-02,,,3.0,,,
2014-12-03,,,3.0,,,
2014-12-04,,,3.0,,,
2014-12-05,2.5,2.5,3.0,3.0,1.0,3000.0
2014-12-08,,,3.0,,,
2014-12-09,,,3.0,,,
2014-12-10,,,3.0,,,
2014-12-11,,,3.0,,,
2014-12-12,,,3.0,,,
2014-12-15,2.5,2.5,2.75,3.0,1.0,90000.0
2014-12-16,,,2.75,,,
2014-12-17,,,2.75,,,
2014-12-18,,,2.75,,,
2014-12-19,,,2.75,,,
2014-12-22,2.5,2.5,2.75,2.75,1.0,100000.0
2014-12-23,,,2.75,,,
2014-12-24,,,2.75,,,
2014-12-29,2.25,2.25,2.625,2.75,1.0,50000.0
2014-12-30,,,2.625,,,
2014-12-31,,,2.625,,,
2015-01-02,2.25,2.25,2.625,2.625,1.0,50000.0
2015-01-05,,,2.625,,,
2015-01-06,,,2.625,,,
2015-01-07,2.25,2.1,2.55,2.625,2.0,60000.0
2015-01-08,,,2.55,,,
2015-01-09,,,2.55,,,
2015-01-12,,,2.55,,,
2015-01-13,,,2.55,,,
2015-01-14,,,2.55,,,
2015-01-15,,,2.625,,,
2015-01-16,2.75,2.75,2.625,2.625,1.0,50000.0
2015-01-19,,,2.625,,,
2015-01-20,2.775,2.775,2.625,2.625,1.0,10000.0
2015-01-21,,,2.625,,,
2015-01-22,,,2.625,,,
2015-01-23,,,2.625,,,
2015-01-26,,,2.625,,,
2015-01-27,,,2.625,,,
2015-01-28,,,2.625,,,
2015-01-29,,,2.625,,,
2015-01-30,2.2575,2.2575,2.625,2.625,1.0,6300.0
2015-02-02,,,2.625,,,
2015-02-03,2.2575,2.2575,2.625,2.625,1.0,8000.0
2015-02-04,,,2.625,,,
2015-02-05,,,2.625,,,
2015-02-06,,,2.625,,,
2015-02-09,2.25,2.25,2.55,2.625,1.0,50000.0
2015-02-10,2.685,2.685,2.55,2.55,1.0,744.0
2015-02-11,,,2.55,,,
2015-02-12,,,2.55,,,
2015-02-13,,,2.55,,,
2015-02-16,,,2.55,,,
2015-02-17,,,2.55,,,
2015-02-18,,,2.55,,,
2015-02-19,,,2.55,,,
2015-02-20,,,2.55,,,
2015-02-23,2.1,2.1,2.55,2.55,1.0,42410.0
2015-02-24,,,2.55,,,
2015-02-25,,,2.55,,,
2015-02-26,,,2.55,,,
2015-02-27,,,2.55,,,
2015-03-02,2.6535,2.6535,2.625,2.55,1.0,75000.0
2015-03-03,,,2.625,,,
2015-03-04,,,2.625,,,
2015-03-05,,,2.625,,,
2015-03-06,2.7375,2.7375,2.75,2.625,1.0,50000.0
2015-03-09,2.5,2.5,2.625,2.75,2.0,70000.0
2015-03-10,,,2.625,,,
2015-03-11,,,2.625,,,
2015-03-12,2.25,2.25,2.625,2.625,1.0,15000.0
2015-03-13,,,2.625,,,
2015-03-16,,,2.625,,,
2015-03-17,,,2.625,,,
2015-03-18,,,2.625,,,
2015-03-19,2.825,2.5,2.75,2.75,2.0,30566.0
2015-03-20,,,2.75,,,
2015-03-23,2.5,2.5,2.5,2.75,1.0,50000.0
2015-03-24,,,2.5,,,
2015-03-25,1.75,1.75,2.375,2.5,1.0,150000.0
2015-03-26,,,2.375,,,
2015-03-27,,,2.375,,,
2015-03-30,,,2.375,,,
2015-03-31,2.0,2.0,2.375,2.375,1.0,25000.0
2015-04-01,,,2.375,,,
2015-04-02,,,2.375,,,
2015-04-07,2.0,1.75,2.0,2.375,2.0,120000.0
2015-04-08,1.75001,1.75001,2.0,2.0,1.0,15000.0
2015-04-09,,,2.0,,,
2015-04-10,,,2.0,,,
2015-04-13,,,2.0,,,
2015-04-14,,,2.0,,,
2015-04-15,2.0575,2.0575,2.0,2.0,1.0,200000.0
2015-04-16,,,2.0,,,
2015-04-17,,,2.0,,,
2015-04-20,,,2.0,,,
2015-04-21,1.7576,1.7576,2.0,2.0,1.0,9800.0
2015-04-22,,,2.0,,,
2015-04-23,,,2.0,,,
2015-04-24,,,2.0,,,
2015-04-27,,,2.0,,,
2015-04-28,,,2.0,,,
2015-04-29,,,2.0,,,
2015-04-30,,,2.0,,,
2015-05-01,,,2.0,,,
2015-05-05,,,2.0,,,
2015-05-06,,,2.0,,,
2015-05-07,,,2.0,,,
2015-05-08,,,2.0,,,
2015-05-11,,,2.0,,,
2015-05-12,,,2.0,,,
2015-05-13,1.75501,1.75501,2.0,2.0,1.0,1700.0
2015-05-14,,,2.0,,,
2015-05-15,2.25,2.0,2.125,2.0,8.0,665000.0
2015-05-18,2.15,2.15,2.125,2.125,1.0,70700.0
2015-05-19,,,2.125,,,
2015-05-20,,,2.125,,,
2015-05-21,,,2.0,,,
2015-05-22,,,2.0,,,
2015-05-26,,,2.0,,,
2015-05-27,,,2.0,,,
2015-05-28,,,2.0,,,
2015-05-29,,,2.0,,,
2015-06-01,,,2.0,,,
2015-06-02,,,2.0,,,
2015-06-03,,,2.0,,,
2015-06-04,1.7551,1.7551,2.0,2.0,1.0,5500.0
2015-06-05,,,2.0,,,
2015-06-08,,,2.0,,,
2015-06-09,,,2.0,,,
2015-06-10,,,2.0,,,
2015-06-11,1.75,1.5,1.75,2.0,2.0,83000.0
2015-06-12,,,1.75,,,
2015-06-15,,,1.75,,,
2015-06-16,,,1.75,,,
2015-06-17,,,1.75,,,
2015-06-18,,,1.75,,,
2015-06-19,,,1.75,,,
2015-06-22,,,1.75,,,
2015-06-23,,,1.75,,,
2015-06-24,,,1.75,,,
2015-06-25,,,1.75,,,
2015-06-26,,,1.75,,,
2015-06-29,,,1.75,,,
2015-06-30,,,1.75,,,
2015-07-01,,,1.75,,,
2015-07-02,,,1.75,,,
2015-07-03,,,1.75,,,
2015-07-06,,,1.75,,,
2015-07-07,1.5051,1.5051,1.75,1.75,1.0,3000.0
2015-07-08,,,1.75,,,
2015-07-09,,,1.75,,,
2015-07-10,,,1.75,,,
2015-07-13,,,1.75,,,
2015-07-14,,,1.75,,,
2015-07-15,1.5,1.5,1.75,1.75,1.0,16000.0
2015-07-16,,,1.75,,,
2015-07-17,,,1.75,,,
2015-07-20,,,1.75,,,
2015-07-21,,,1.75,,,
2015-07-22,,,1.75,,,
2015-07-23,,,1.75,,,
2015-07-24,,,1.75,,,
2015-07-27,,,1.75,,,
2015-07-28,,,1.75,,,
2015-07-29,,,1.75,,,
2015-07-30,,,1.75,,,
2015-07-31,,,1.75,,,
2015-08-03,,,1.75,,,
2015-08-04,,,1.75,,,
2015-08-05,,,1.75,,,
2015-08-06,,,1.75,,,
2015-08-07,,,1.75,,,
2015-08-10,,,1.75,,,
2015-08-11,,,1.75,,,
2015-08-12,,,1.75,,,
2015-08-13,,,1.75,,,
2015-08-14,,,1.75,,,
2015-08-17,,,1.75,,,
2015-08-18,,,1.75,,,
2015-08-19,,,1.75,,,
2015-08-20,,,1.75,,,
2015-08-21,,,1.75,,,
2015-08-24,,,1.75,,,
2015-08-25,,,1.75,,,
2015-08-26,,,1.75,,,
2015-08-27,,,1.75,,,
2015-08-28,1.50501,1.50501,1.75,1.75,1.0,8622.0
2015-09-01,,,1.75,,,
2015-09-02,,,1.75,,,
2015-09-03,,,1.75,,,
2015-09-04,,,1.75,,,
2015-09-07,,,1.75,,,
2015-09-08,,,1.75,,,
2015-09-09,,,1.625,,,
2015-09-10,,,1.625,,,
2015-09-11,,,1.625,,,
2015-09-14,,,1.625,,,
2015-09-15,,,1.625,,,
2015-09-16,,,1.625,,,
2015-09-17,,,1.625,,,
2015-09-18,,,1.625,,,
2015-09-21,1.5,1.5,1.625,1.625,1.0,8544.0
2015-09-22,,,1.625,,,
2015-09-23,,,1.625,,,
2015-09-24,,,1.625,,,
2015-09-25,,,1.625,,,
2015-09-28,,,1.625,,,
2015-09-29,,,1.625,,,
2015-09-30,,,1.625,,,
2015-10-01,,,1.625,,,
2015-10-02,,,1.625,,,
2015-10-05,,,1.625,,,
2015-10-06,,,1.625,,,
2015-10-07,,,1.625,,,
2015-10-08,,,1.625,,,
2015-10-09,,,1.625,,,
2015-10-12,1.5,1.5,1.625,1.625,1.0,30937.0
2015-10-13,,,1.625,,,
2015-10-14,,,1.625,,,
2015-10-15,,,1.625,,,
2015-10-16,,,1.625,,,
2015-10-19,,,1.625,,,
2015-10-20,,,1.625,,,
2015-10-21,,,1.625,,,
2015-10-22,,,1.625,,,
2015-10-23,,,1.625,,,
2015-10-26,1.5,1.5,1.625,1.625,1.0,3441.0
2015-10-27,,,1.625,,,
2015-10-28,,,1.625,,,
2015-10-29,,,1.625,,,
2015-10-30,,,1.625,,,
2015-11-02,,,1.625,,,
2015-11-03,,,1.625,,,
2015-11-04,,,1.625,,,
2015-11-05,,,1.625,,,
2015-11-06,,,1.625,,,
2015-11-09,,,1.625,,,
2015-11-10,,,1.625,,,
2015-11-11,,,1.625,,,
2015-11-12,,,1.625,,,
2015-11-13,,,1.625,,,
2015-11-16,,,1.625,,,
2015-11-17,,,1.625,,,
2015-11-18,,,1.625,,,
2015-11-19,,,1.625,,,
2015-11-20,,,1.625,,,
2015-11-23,,,1.625,,,
2015-11-24,,,1.625,,,
2015-11-25,,,1.625,,,
2015-11-26,,,1.625,,,
2015-11-27,,,1.625,,,
2015-11-30,1.5,1.5,1.625,1.625,1.0,25000.0
2015-12-01,,,1.625,,,
2015-12-02,1.5,1.5,1.625,1.625,1.0,51741.0
2015-12-03,,,1.625,,,
2015-12-04,1.5,1.5,1.625,1.625,1.0,10000.0
2015-12-07,,,1.625,,,
2015-12-08,,,1.625,,,
2015-12-09,,,1.625,,,
2015-12-10,,,1.625,,,
2015-12-11,,,1.625,,,
2015-12-14,,,1.625,,,
2015-12-15,,,1.625,,,
2015-12-16,,,1.625,,,
2015-12-17,,,1.625,,,
2015-12-18,,,1.625,,,
2015-12-21,,,1.625,,,
2015-12-22,,,1.625,,,
2015-12-23,1.595,1.595,1.625,1.625,1.0,1816.0
2015-12-24,,,1.625,,,
2015-12-29,,,1.625,,,
2015-12-30,,,1.625,,,
2015-12-31,,,1.625,,,
2016-01-04,,,1.625,,,
2016-01-05,,,1.625,,,
2016-01-06,,,1.625,,,
2016-01-07,1.5,1.5,1.625,1.625,1.0,61320.0
2016-01-08,,,1.625,,,
2016-01-11,1.505,1.505,1.625,1.625,1.0,5.0
2016-01-12,,,1.625,,,
2016-01-13,,,1.625,,,
2016-01-14,1.55,1.5,1.625,1.625,3.0,700000.0
2016-01-15,,,1.625,,,
2016-01-18,1.55,1.55,1.625,1.625,1.0,8500.0
2016-01-19,,,1.625,,,
2016-01-20,,,1.625,,,
2016-01-21,,,1.625,,,
2016-01-22,1.5499,1.5499,1.625,1.625,1.0,14000.0
2016-01-25,,,1.625,,,
2016-01-26,,,1.625,,,
2016-01-27,,,1.625,,,
2016-01-28,,,1.625,,,
2016-01-29,,,1.625,,,
2016-02-01,,,1.625,,,
2016-02-02,,,1.625,,,
2016-02-03,,,1.625,,,
2016-02-04,,,1.625,,,
2016-02-05,,,1.625,,,
2016-02-08,,,1.625,,,
2016-02-09,,,1.625,,,
2016-02-10,,,1.625,,,
2016-02-11,,,1.625,,,
2016-02-12,,,1.625,,,
2016-02-15,,,1.625,,,
2016-02-16,,,1.625,,,
2016-02-17,,,1.625,,,
2016-02-18,,,1.625,,,
2016-02-19,,,1.625,,,
2016-02-22,,,1.625,,,
2016-02-23,,,1.625,,,
2016-02-24,,,1.625,,,
2016-02-25,,,1.625,,,
2016-02-26,,,1.625,,,
2016-02-29,,,1.625,,,
2016-03-01,,,1.625,,,
2016-03-02,,,1.625,,,
2016-03-03,,,1.625,,,
2016-03-04,,,1.625,,,
2016-03-07,,,1.625,,,
2016-03-08,,,1.625,,,
2016-03-09,,,1.625,,,
2016-03-10,,,1.625,,,
2016-03-11,,,1.625,,,
2016-03-14,,,1.625,,,
2016-03-15,2.2,1.9999,2.25,2.0,3.0,126769.0
2016-03-16,,,2.25,,,
2016-03-17,,,2.25,,,
2016-03-18,,,2.25,,,
2016-03-21,,,2.25,,,
2016-03-22,,,2.25,,,
2016-03-23,,,2.25,,,
2016-03-24,,,2.25,,,
2016-03-29,,,2.25,,,
2016-03-30,,,2.25,,,
2016-03-31,,,2.25,,,
2016-04-01,,,2.25,,,
2016-04-04,,,2.25,,,
2016-04-05,,,2.25,,,
2016-04-06,,,2.25,,,
2016-04-07,2.0,2.0,2.25,2.25,2.0,100000.0
2016-04-08,,,2.25,,,
2016-04-11,2.25,2.25,2.25,2.25,1.0,100000.0
2016-04-12,2.5,2.25,2.375,2.25,4.0,375000.0
2016-04-13,2.4625,2.4625,2.5,2.375,1.0,50000.0
2016-04-14,,,2.5,,,
2016-04-15,,,2.5,,,
2016-04-18,2.7499,2.7499,2.5,2.5,1.0,509.0
2016-04-19,,,2.5,,,
2016-04-20,,,2.5,,,
2016-04-21,,,2.5,,,
2016-04-22,,,2.5,,,
2016-04-25,,,2.5,,,
2016-04-26,3.1779,3.1779,2.5,2.5,1.0,62435.0
2016-04-27,,,2.5,,,
2016-04-28,,,2.5,,,
2016-04-29,,,2.5,,,
2016-05-03,,,2.5,,,
2016-05-04,,,2.5,,,
2016-05-05,,,2.5,,,
2016-05-06,,,2.5,,,
2016-05-09,,,2.5,,,
2016-05-10,,,2.5,,,
2016-05-11,,,2.5,,,
2016-05-12,,,2.5,,,
2016-05-13,,,2.5,,,
2016-05-16,3.2499,2.7499,3.0,2.5,2.0,3509.0
2016-05-17,,,3.0,,,
2016-05-18,,,3.0,,,
2016-05-19,3.4,3.4,3.5,3.5,1.0,15882.0
2016-05-20,3.00001,3.00001,3.5,3.5,1.0,15882.0
2016-05-23,3.0,3.0,3.5,3.5,1.0,22500.0
2016-05-24,3.0,3.0,3.25,3.5,1.0,3000.0
2016-05-25,,,3.25,,,
2016-05-26,,,3.25,,,
2016-05-27,,,3.25,,,
2016-05-31,,,3.25,,,
2016-06-01,,,3.25,,,
2016-06-02,,,3.25,,,
2016-06-03,,,3.25,,,
2016-06-06,2.75,2.75,3.25,3.25,1.0,150000.0
2016-06-07,,,3.25,,,
2016-06-08,2.7,2.7,2.75,3.25,1.0,150000.0
2016-06-09,,,2.75,,,
2016-06-10,2.9,2.55,2.75,2.75,3.0,76248.0
2016-06-13,2.75,2.55,2.625,2.75,2.0,27940.0
2016-06-14,,,2.625,,,
2016-06-15,3.0,3.0,2.75,3.25,1.0,25000.0
2016-06-16,2.9749,2.9749,2.75,2.75,1.0,470.0
2016-06-17,,,2.75,,,
2016-06-20,,,2.625,,,
2016-06-21,,,2.625,,,
2016-06-22,2.725,2.725,2.875,2.625,1.0,100000.0
2016-06-23,,,2.875,,,
2016-06-24,,,2.625,,,
2016-06-27,,,2.625,,,
2016-06-28,,,2.625,,,
2016-06-29,,,2.625,,,
2016-06-30,2.598,2.598,2.625,2.625,1.0,1764.0
2016-07-01,,,2.625,,,
2016-07-04,,,2.625,,,
2016-07-05,,,2.625,,,
2016-07-06,,,2.625,,,
2016-07-07,,,2.625,,,
2016-07-08,,,2.625,,,
2016-07-11,,,2.625,,,
2016-07-12,,,2.625,,,
2016-07-13,,,2.625,,,
2016-07-14,,,2.625,,,
2016-07-15,,,2.625,,,
2016-07-18,,,2.625,,,
2016-07-19,,,2.625,,,
2016-07-20,,,2.625,,,
2016-07-21,,,2.625,,,
2016-07-22,,,2.625,,,
2016-07-25,,,2.625,,,
2016-07-26,,,2.625,,,
2016-07-27,,,2.625,,,
2016-07-28,,,2.625,,,
2016-07-29,3.0,2.75,3.0,2.625,3.0,445000.0
2016-08-01,,,3.0,,,
2016-08-02,2.75,2.75,2.875,3.0,1.0,50000.0
2016-08-03,,,2.875,,,
2016-08-04,,,2.875,,,
2016-08-05,,,2.875,,,
2016-08-08,,,2.875,,,
2016-08-09,,,2.875,,,
2016-08-10,2.6,2.6,2.875,2.875,1.0,1410.0
2016-08-11,,,2.875,,,
2016-08-12,,,2.875,,,
2016-08-15,,,2.875,,,
2016-08-16,,,2.875,,,
2016-08-17,,,2.875,,,
2016-08-18,,,2.875,,,
2016-08-19,,,2.875,,,
2016-08-22,,,2.875,,,
2016-08-23,,,2.875,,,
2016-08-24,,,2.875,,,
2016-08-25,,,2.875,,,
2016-08-26,,,2.875,,,
2016-08-30,,,2.875,,,
2016-08-31,2.74,2.74,2.875,2.875,1.0,1270.0
2016-09-01,3.13749,2.5,2.875,2.875,2.0,40777.0
2016-09-02,3.1749,3.1749,2.875,2.875,1.0,34000.0
2016-09-05,,,2.875,,,
2016-09-06,,,3.0,,,
2016-09-07,2.75,2.75,3.0,3.0,1.0,50000.0
2016-09-08,3.9499,3.0,3.5,3.5,5.0,213681.0
2016-09-09,3.8499,3.0,3.5,3.5,4.0,110152.0
2016-09-12,,,3.5,,,
2016-09-13,,,3.5,,,
2016-09-14,,,3.5,,,
2016-09-15,4.0,3.9499,4.125,3.5,2.0,46000.0
2016-09-16,4.0,3.785,4.125,4.125,2.0,33689.0
2016-09-19,,,4.125,,,
2016-09-20,,,4.125,,,
2016-09-21,,,4.125,,,
2016-09-22,,,4.125,,,
2016-09-23,,,4.25,,,
2016-09-26,,,4.25,,,
2016-09-27,4.5,4.5,4.25,4.25,1.0,66388.0
2016-09-28,4.5,4.5,4.625,4.25,1.0,25000.0
2016-09-29,,,4.625,,,
2016-09-30,5.5,4.75,5.0,4.625,10.0,403740.0
2016-10-03,5.09,5.09,5.0,5.0,2.0,99852.0
2016-10-04,,,5.0,,,
2016-10-05,,,5.0,,,
2016-10-06,,,5.0,,,
2016-10-07,5.0,5.0,5.0,5.0,1.0,25000.0
2016-10-10,,,5.0,,,
2016-10-11,,,5.0,,,
2016-10-12,4.5,4.5,4.75,5.0,1.0,25000.0
2016-10-13,4.75,4.75,4.75,4.75,1.0,25000.0
2016-10-14,,,4.75,,,
2016-10-17,,,4.75,,,
2016-10-18,,,4.75,,,
2016-10-19,4.5001,4.5001,4.75,4.75,1.0,8566.0
2016-10-20,,,4.75,,,
2016-10-21,5.0,4.74,5.25,4.75,6.0,259000.0
2016-10-24,,,5.25,,,
2016-10-25,6.845,5.3025,6.25,5.25,14.0,410336.0
2016-10-26,,,6.25,,,
2016-10-27,5.68,5.68,6.25,6.25,1.0,13000.0
2016-10-28,6.6249,5.625,6.25,6.375,6.0,313953.0
2016-10-31,6.03,6.03,6.25,6.25,1.0,185714.0
2016-11-01,,,6.25,,,
2016-11-02,6.0,6.0,6.25,6.25,1.0,30000.0
2016-11-03,6.0,6.0,6.25,6.25,1.0,20000.0
2016-11-04,6.185,6.0,6.25,6.25,2.0,32789.0
2016-11-07,6.0001,5.6,6.125,6.25,3.0,108481.0
2016-11-08,,,6.125,,,
2016-11-09,,,6.125,,,
2016-11-10,,,6.125,,,
2016-11-11,5.75,5.75,6.0,6.125,5.0,100000.0
2016-11-14,,,5.875,,,
2016-11-15,,,5.875,,,
2016-11-16,,,5.875,,,
2016-11-17,,,5.875,,,
2016-11-18,5.5,5.5,5.75,5.875,1.0,16000.0
2016-11-21,5.5,5.5,5.625,5.75,1.0,50000.0
2016-11-22,5.25,5.0,5.25,5.625,2.0,92125.0
2016-11-23,,,5.125,,,
2016-11-24,,,5.125,,,
2016-11-25,,,5.125,,,
2016-11-28,4.75,4.75,5.125,5.125,1.0,50000.0
2016-11-29,,,5.125,,,
2016-11-30,,,5.125,,,
2016-12-01,4.89,4.8,4.875,5.125,2.0,125000.0
2016-12-02,4.85,4.85,4.875,4.875,1.0,75000.0
2016-12-05,,,4.875,,,
2016-12-06,5.5,5.0,5.5,4.875,3.0,95000.0
2016-12-07,,,5.5,,,
2016-12-08,,,5.5,,,
2016-12-09,,,5.5,,,
2016-12-12,5.01,5.0,5.25,5.5,2.0,75000.0
2016-12-13,,,5.25,,,
2016-12-14,5.00001,5.0,5.125,5.25,2.0,52000.0
2016-12-15,,,5.125,,,
2016-12-16,,,5.125,,,
2016-12-19,5.9,5.8,5.625,5.5,7.0,462337.0
2016-12-20,6.25,5.6126,6.0,5.625,4.0,184726.0
2016-12-21,6.25,6.25,6.375,5.875,2.0,50000.0
2016-12-22,,,6.375,,,
2016-12-23,6.55,6.55,6.375,6.375,1.0,19000.0
2016-12-28,5.75,5.75,6.375,6.375,1.0,50000.0
2016-12-29,,,6.25,,,
2016-12-30,5.75,5.75,6.25,5.75,2.0,50000.0
2017-01-03,5.75,5.75,6.25,5.75,1.0,50000.0
2017-01-04,,,6.25,,,
2017-01-05,,,6.25,,,
2017-01-06,,,6.25,,,
2017-01-09,5.75,5.75,6.25,6.25,1.0,5000.0
2017-01-10,,,6.25,,,
2017-01-11,,,6.25,,,
2017-01-12,6.59999,6.59999,6.25,6.25,1.0,20000.0
2017-01-13,,,6.25,,,
2017-01-16,,,6.25,,,
2017-01-17,,,6.25,,,
2017-01-18,6.15,6.15,6.25,6.25,1.0,70000.0
2017-01-19,,,6.375,,,
2017-01-20,,,6.375,,,
2017-01-23,,,6.25,,,
2017-01-24,6.007,6.0,6.375,6.375,2.0,850000.0
2017-01-25,,,6.375,,,
2017-01-26,,,6.375,,,
2017-01-27,,,6.375,,,
2017-01-30,,,6.375,,,
2017-01-31,,,6.375,,,
2017-02-01,,,6.375,,,
2017-02-02,6.2754,6.2754,6.375,6.375,1.0,41636.0
2017-02-03,,,6.375,,,
2017-02-06,6.0,6.0,6.25,6.375,1.0,100000.0
2017-02-07,,,6.25,,,
2017-02-08,,,6.25,,,
2017-02-09,,,6.25,,,
2017-02-10,,,6.25,,,
2017-02-13,,,6.25,,,
2017-02-14,,,6.25,,,
2017-02-15,6.25,6.25,6.25,6.25,1.0,3000.0
2017-02-16,,,6.25,,,
2017-02-17,,,6.25,,,
2017-02-20,,,6.25,,,
2017-02-21,,,6.25,,,
2017-02-22,,,6.25,,,
2017-02-23,,,6.25,,,
2017-02-24,,,6.25,,,
2017-02-27,,,6.25,,,
2017-02-28,,,6.25,,,
2017-03-01,6.25,6.25,6.25,6.25,1.0,50000.0
2017-03-02,,,6.25,,,
2017-03-03,,,6.25,,,
2017-03-06,6.39999,6.3999,6.375,6.25,2.0,37617.0
2017-03-07,,,6.375,,,
2017-03-08,,,6.375,,,
2017-03-09,,,6.375,,,
2017-03-10,,,6.375,,,
2017-03-13,6.25,6.25,6.375,6.375,2.0,27529.0
2017-03-14,7.0,6.75,7.0,6.5,2.0,24629.0
2017-03-15,7.5,7.5,7.25,7.0,2.0,17132.0
2017-03-16,,,7.25,,,
2017-03-17,,,7.25,,,
2017-03-20,,,7.25,,,
2017-03-21,,,7.25,,,
2017-03-22,7.9,6.6,7.25,7.25,2.0,5400.0
2017-03-23,,,7.25,,,
2017-03-24,,,7.25,,,
2017-03-27,,,7.25,,,
2017-03-28,,,7.25,,,
2017-03-29,,,7.25,,,
2017-03-30,,,7.5,,,
2017-03-31,8.0,8.0,7.5,7.5,1.0,20000.0
2017-04-03,9.5,8.0,9.25,7.5,12.0,290593.0
2017-04-04,9.125,8.5,9.0,9.0,5.0,357452.0
2017-04-05,,,9.0,,,
2017-04-06,9.1,9.1,9.0,9.0,1.0,88.0
2017-04-07,9.375,9.1,9.125,9.0,3.0,450000.0
2017-04-10,,,9.125,,,
2017-04-11,9.4374,9.4374,9.125,9.125,1.0,10596.0
2017-04-12,10.0,9.4751,9.625,9.125,3.0,214950.0
2017-04-13,10.0,10.0,9.625,9.625,1.0,3925.0
2017-04-18,9.99,9.501,9.5,9.625,3.0,160000.0
2017-04-19,,,9.5,,,
2017-04-20,,,9.5,,,
2017-04-21,9.32,9.32,9.5,9.5,1.0,20000.0
2017-04-24,,,9.5,,,
2017-04-25,,,9.5,,,
2017-04-26,,,9.5,,,
2017-04-27,9.3001,9.3001,9.5,9.5,1.0,40000.0
2017-04-28,,,9.5,,,
2017-05-02,9.99,9.3501,9.5,9.5,3.0,102963.0
2017-05-03,10.0,10.0,9.5,9.5,1.0,15135.0
2017-05-04,,,9.5,,,
2017-05-05,,,9.5,,,
2017-05-08,10.0,10.0,9.5,9.5,1.0,2080.0
2017-05-09,,,9.5,,,
2017-05-10,9.405,9.405,9.5,9.5,1.0,8861.0
2017-05-11,10.5,10.5,10.25,9.5,1.0,50000.0
2017-05-12,12.0,12.0,11.5,10.25,1.0,100000.0
2017-05-15,11.2501,11.2501,11.5,11.5,1.0,2300.0
2017-05-16,,,11.5,,,
2017-05-17,,,11.5,,,
2017-05-18,12.75,12.5,12.0,11.75,6.0,99958.0
2017-05-19,12.8,12.75,12.0,12.0,2.0,65781.0
2017-05-22,14.5,11.6001,14.0,12.0,19.0,488157.0
2017-05-23,14.75,14.0,14.125,14.0,3.0,133000.0
2017-05-24,16.0,14.1,15.5,14.125,10.0,209285.0
2017-05-25,15.9499,14.4,15.5,15.5,13.0,307199.0
2017-05-26,14.45,13.7875,14.125,15.5,7.0,418982.0
2017-05-30,15.6249,15.11,15.0,14.875,8.0,292748.0
2017-05-31,16.0,15.15,15.5,15.0,6.0,81424.0
2017-06-01,19.9999,16.0,19.0,15.5,13.0,230837.0
2017-06-02,20.95,19.0,19.5,19.0,15.0,425465.0
2017-06-05,19.99,18.25,18.5,19.5,15.0,352896.0
2017-06-06,18.99999,15.555,16.0,18.5,15.0,419147.0
2017-06-07,17.0,16.5,16.5,16.0,5.0,34149.0
2017-06-08,,,16.5,,,
2017-06-09,16.325,16.25,16.25,16.5,2.0,75000.0
2017-06-12,15.9999,14.25,14.75,16.25,12.0,278985.0
2017-06-13,15.49,14.0,15.25,15.25,3.0,84578.0
2017-06-14,15.4,13.9899,13.5,15.25,7.0,617747.0
2017-06-15,14.0,13.0,13.5,13.5,7.0,98548.0
2017-06-16,14.0,14.0,13.5,13.5,1.0,50000.0
2017-06-19,14.0242,14.0,13.5,13.5,5.0,44904.0
2017-06-20,14.0,13.0,13.5,13.5,3.0,135856.0
2017-06-21,14.0,14.0,13.5,13.5,1.0,7107.0
2017-06-22,14.0,14.0,13.5,13.5,1.0,450.0
2017-06-23,13.5,13.5,13.5,13.5,2.0,50000.0
2017-06-26,13.0,13.0,13.5,13.5,1.0,250000.0
2017-06-27,13.2,11.75,12.25,13.5,5.0,323959.0
2017-06-28,12.19999,11.61,12.0,12.0,2.0,8120.0
2017-06-29,12.0,11.5,11.5,12.0,5.0,76559.0
2017-06-30,11.87,11.1,11.75,11.5,7.0,150884.0
2017-07-03,11.95,11.6111,11.75,11.75,3.0,45018.0
2017-07-04,,,11.75,,,
2017-07-05,,,11.75,,,
2017-07-06,11.9499,11.505,11.75,11.75,2.0,10439.0
2017-07-07,11.925,11.925,12.0,11.5,2.0,65000.0
2017-07-10,11.9499,11.9499,12.0,12.0,1.0,41736.0
2017-07-11,11.585,11.585,12.0,12.0,1.0,25000.0
2017-07-12,10.95,10.95,12.0,12.0,1.0,95000.0
2017-07-13,,,12.0,,,
2017-07-14,10.5,8.11,8.875,11.5,17.0,457110.0
2017-07-17,8.85,8.85,8.875,8.875,1.0,50000.0
2017-07-18,9.25,8.7501,9.25,8.875,8.0,505788.0
2017-07-19,9.45,9.45,9.25,9.25,1.0,21111.0
2017-07-20,9.425,9.425,9.25,9.25,1.0,50000.0
2017-07-21,,,9.25,,,
2017-07-24,9.25,9.25,9.25,9.25,1.0,25000.0
2017-07-25,,,9.25,,,
2017-07-26,9.0,9.0,9.25,9.25,1.0,46883.0
2017-07-27,9.25,9.25,9.25,9.25,1.0,100100.0
2017-07-28,,,9.25,,,
2017-07-31,9.055,9.0,9.25,9.25,3.0,35031.0
2017-08-01,,,9.25,,,
2017-08-02,9.25,8.5,8.875,9.25,4.0,164161.0
2017-08-03,,,8.875,,,
2017-08-04,8.5,8.5,8.75,8.875,1.0,11173.0
2017-08-07,,,8.75,,,
2017-08-08,8.8268,8.5,8.5,8.75,5.0,87706.0
2017-08-09,8.875,8.675,8.75,8.5,4.0,145085.0
2017-08-10,8.88,8.88,8.75,8.75,3.0,33917.0
2017-08-11,8.9,8.5,8.75,8.75,3.0,231651.0
2017-08-14,,,8.75,,,
2017-08-15,,,8.75,,,
2017-08-16,,,8.75,,,
2017-08-17,,,8.75,,,
2017-08-18,8.52,8.52,8.75,8.75,1.0,6250.0
2017-08-21,8.79995,8.79995,8.75,8.75,1.0,11306.0
2017-08-22,8.52,8.52,8.75,8.75,1.0,6000.0
2017-08-23,,,8.75,,,
2017-08-24,,,8.75,,,
2017-08-25,8.75,8.75,8.75,8.75,1.0,5657.0
2017-08-29,,,8.75,,,
2017-08-30,,,8.75,,,
2017-08-31,8.75,8.52,8.75,8.75,2.0,17773.0
2017-09-01,,,8.75,,,
2017-09-04,8.75,8.75,8.75,8.75,1.0,100000.0
2017-09-05,,,8.75,,,
2017-09-06,8.825,8.55,8.75,8.75,2.0,41000.0
2017-09-07,8.8,8.55,8.75,8.75,2.0,10739.0
2017-09-08,,,8.75,,,
2017-09-11,8.95,8.74999,8.75,8.75,3.0,86371.0
2017-09-12,,,8.75,,,
2017-09-13,,,8.75,,,
2017-09-14,,,8.75,,,
2017-09-15,,,8.75,,,
2017-09-18,8.95,8.6,8.75,8.75,3.0,67521.0
2017-09-19,,,8.75,,,
2017-09-20,,,8.75,,,
2017-09-21,,,8.75,,,
2017-09-22,8.9,8.9,8.75,8.75,1.0,11179.0
2017-09-25,8.9,8.6,8.75,8.75,4.0,92713.0
2017-09-26,8.875,8.875,8.75,8.75,1.0,49664.0
2017-09-27,,,8.75,,,
2017-09-28,,,8.75,,,
2017-09-29,9.0,8.9,9.0,8.75,2.0,120000.0
2017-10-02,,,9.0,,,
2017-10-03,,,9.0,,,
2017-10-04,,,9.0,,,
2017-10-05,9.15,9.14,9.125,9.0,2.0,80000.0
2017-10-06,,,9.125,,,
2017-10-09,,,9.125,,,
2017-10-10,,,9.125,,,
2017-10-11,,,9.125,,,
2017-10-12,,,9.125,,,
2017-10-13,8.75,8.75,9.125,9.125,1.0,50000.0
2017-10-16,9.1,9.1,9.125,9.125,1.0,2071.0
2017-10-17,,,9.125,,,
2017-10-18,,,9.125,,,
2017-10-19,,,9.125,,,
2017-10-20,,,9.125,,,
2017-10-23,9.1,8.75,9.125,9.125,3.0,65659.0
2017-10-24,,,9.125,,,
2017-10-25,,,9.125,,,
2017-10-26,,,9.125,,,
2017-10-27,,,9.125,,,
2017-10-30,,,9.125,,,
2017-10-31,,,9.125,,,
2017-11-01,,,9.125,,,
2017-11-02,,,9.125,,,
2017-11-03,,,9.125,,,
2017-11-06,,,9.125,,,
2017-11-07,,,9.125,,,
2017-11-08,9.0,8.75,9.125,9.125,2.0,25588.0
2017-11-09,,,9.125,,,
2017-11-10,8.95,8.95,9.125,9.125,1.0,3351.0
2017-11-13,8.75,8.75,9.125,9.125,1.0,23812.0
2017-11-14,8.945,8.945,9.125,9.125,1.0,20000.0
2017-11-15,8.9375,8.9375,9.125,9.125,1.0,25000.0
2017-11-16,,,9.125,,,
2017-11-17,8.5,8.5,8.75,9.125,1.0,119312.0
2017-11-20,8.5,7.895,8.375,8.75,4.0,60355.0
2017-11-21,8.35,8.051,8.375,8.375,2.0,64274.0
2017-11-22,8.75,8.75,8.5,8.375,1.0,100000.0
2017-11-23,,,8.5,,,
2017-11-24,,,8.5,,,
2017-11-27,,,8.5,,,
2017-11-28,,,8.5,,,
2017-11-29,8.75,8.75,8.75,8.5,1.0,5646.0
2017-11-30,,,8.75,,,
2017-12-01,,,8.75,,,
2017-12-04,,,8.75,,,
2017-12-05,,,8.75,,,
2017-12-06,,,8.75,,,
2017-12-07,8.35,8.35,8.75,8.75,1.0,5000.0
2017-12-08,9.25,9.25,8.75,8.75,1.0,450.0
2017-12-11,,,8.75,,,
2017-12-12,,,8.75,,,
2017-12-13,,,8.75,,,
2017-12-14,,,8.75,,,
2017-12-15,,,8.75,,,
2017-12-18,,,8.75,,,
2017-12-19,,,8.875,,,
2017-12-20,,,8.875,,,
2017-12-21,9.0,9.0,8.875,8.875,1.0,25000.0
2017-12-22,,,8.875,,,
2017-12-27,9.5,9.5,9.0,8.875,1.0,35000.0
2017-12-28,,,9.0,,,
2017-12-29,,,9.0,,,
2018-01-02,,,9.0,,,
2018-01-03,,,9.0,,,
2018-01-04,,,9.0,,,
2018-01-05,,,9.0,,,
2018-01-08,,,9.0,,,
2018-01-09,8.67,8.67,9.0,9.0,1.0,5000.0
2018-01-10,,,9.0,,,
2018-01-11,,,9.0,,,
2018-01-12,,,9.0,,,
2018-01-15,8.67,8.67,9.0,9.0,1.0,3893.0
2018-01-16,,,9.0,,,
2018-01-17,,,9.0,,,
2018-01-18,8.67,8.67,9.0,9.0,1.0,3000.0
2018-01-19,8.67,8.67,9.0,9.0,1.0,16853.0
2018-01-22,9.2,9.2,9.0,9.0,1.0,6521.0
2018-01-23,,,9.0,,,
2018-01-24,,,9.0,,,
2018-01-25,8.5,8.5,9.0,9.0,1.0,39039.0
2018-01-26,,,9.0,,,
2018-01-29,,,9.0,,,
2018-01-30,,,9.0,,,
2018-01-31,8.6,8.6,9.0,9.0,1.0,5183.0
2018-02-01,,,9.0,,,
2018-02-02,,,9.0,,,
2018-02-05,,,9.0,,,
2018-02-06,,,9.0,,,
2018-02-07,,,9.0,,,
2018-02-08,,,9.0,,,
2018-02-09,,,9.0,,,
2018-02-12,,,9.0,,,
2018-02-13,,,9.0,,,
2018-02-14,,,9.0,,,
2018-02-15,8.9,8.9,9.0,9.0,1.0,50000.0
2018-02-16,9.25,9.0,9.25,9.0,3.0,85369.0
2018-02-19,9.45,9.45,9.25,9.0,1.0,25000.0
2018-02-20,,,9.25,,,
2018-02-21,,,9.25,,,
2018-02-22,9.5,9.5,9.25,9.25,1.0,1827.0
2018-02-23,,,9.25,,,
2018-02-26,,,9.25,,,
2018-02-27,,,9.25,,,
2018-02-28,,,9.25,,,
2018-03-01,,,9.25,,,
2018-03-02,,,9.25,,,
2018-03-05,9.0,9.0,9.25,9.25,1.0,10752.0
2018-03-06,,,9.25,,,
2018-03-07,9.0,9.0,9.0,9.25,1.0,20000.0
2018-03-08,9.5,8.5,8.75,9.0,3.0,26034.0
2018-03-09,8.51,8.51,8.75,8.75,1.0,10000.0
2018-03-12,,,8.75,,,
2018-03-13,,,8.75,,,
2018-03-14,9.0,8.9,8.75,8.75,6.0,117601.0
2018-03-15,9.0,9.0,8.75,8.75,1.0,55416.0
2018-03-16,,,8.75,,,
2018-03-19,,,8.75,,,
2018-03-20,,,8.75,,,
2018-03-21,,,8.75,,,
2018-03-22,,,8.75,,,
2018-03-23,8.725,8.55,8.75,8.75,2.0,83138.0
2018-03-26,9.5,8.99,9.5,8.75,4.0,212619.0
2018-03-27,,,9.5,,,
2018-03-28,9.0,8.5,8.5,9.5,6.0,262846.0
2018-03-29,9.0,8.1,8.5,8.5,2.0,11500.0
2018-04-03,8.1,8.1,8.5,8.5,1.0,20000.0
2018-04-04,,,8.5,,,
2018-04-05,,,8.5,,,
2018-04-06,,,8.5,,,
2018-04-09,,,8.5,,,
2018-04-10,,,8.5,,,
2018-04-11,,,8.5,,,
2018-04-12,8.75,8.75,8.5,8.5,1.0,2500.0
2018-04-13,,,8.5,,,
2018-04-16,8.75,8.75,8.5,8.5,1.0,11360.0
2018-04-17,,,8.5,,,
2018-04-18,,,8.5,,,
2018-04-19,9.0,9.0,8.5,8.5,1.0,50000.0
2018-04-20,,,8.5,,,
2018-04-23,,,8.5,,,
2018-04-24,8.95,8.95,8.5,8.5,1.0,5508.0
2018-04-25,,,8.5,,,
2018-04-26,,,8.5,,,
2018-04-27,,,8.5,,,
2018-04-30,9.0,9.0,8.5,8.5,1.0,2127.0
2018-05-01,10.0,9.0,9.75,8.5,9.0,365452.0
2018-05-02,10.45,10.0,10.25,9.75,3.0,37070.0
2018-05-03,10.45,10.1,10.5,10.25,2.0,52071.0
2018-05-04,,,10.75,,,
2018-05-08,10.25,10.25,10.75,10.75,1.0,25000.0
2018-05-09,12.0,11.3,11.25,10.75,15.0,31229.0
2018-05-10,12.0,11.61,11.75,11.25,7.0,242009.0
2018-05-11,12.5,11.85,12.0,11.75,3.0,10808.0
2018-05-14,11.85,11.85,12.0,12.0,1.0,4750.0
2018-05-15,12.5,12.5,12.0,12.0,1.0,7960.0
2018-05-16,12.0,11.85,12.0,12.0,2.0,138500.0
2018-05-17,,,12.0,,,
2018-05-18,,,12.0,,,
2018-05-21,12.0,12.0,12.0,12.0,1.0,6000.0
2018-05-22,11.55,10.2,11.0,12.0,4.0,70833.0
2018-05-23,10.2,10.15,10.75,11.0,2.0,26625.0
2018-05-24,,,10.75,,,
2018-05-25,11.2,11.2,10.75,10.75,1.0,826.0
2018-05-29,11.2,11.2,10.75,10.75,2.0,10000.0
2018-05-30,,,10.75,,,
2018-05-31,11.2,11.2,10.75,10.75,1.0,8839.0
2018-06-01,,,10.75,,,
2018-06-04,,,10.75,,,
2018-06-05,,,10.75,,,
2018-06-06,,,10.75,,,
2018-06-07,,,10.75,,,
2018-06-08,,,10.75,,,
2018-06-11,12.4,11.3,12.0,10.75,8.0,98529.0
2018-06-12,,,12.0,,,
2018-06-13,,,12.0,,,
2018-06-14,,,12.0,,,
2018-06-15,12.8,12.8,12.0,12.0,1.0,1547.0
2018-06-18,12.0,11.25,12.0,12.0,2.0,13600.0
2018-06-19,,,12.0,,,
2018-06-20,12.99126,12.8,12.0,12.0,2.0,61448.0
2018-06-21,11.0,11.0,12.0,12.0,2.0,120000.0
2018-06-22,13.0,11.0,12.0,12.0,4.0,55390.0
2018-06-25,,,12.0,,,
2018-06-26,,,12.0,,,
2018-06-27,,,12.0,,,
2018-06-28,,,12.0,,,
2018-06-29,12.0,12.0,12.0,12.0,1.0,5750.0
2018-07-02,11.25,11.0,11.25,12.0,3.0,50000.0
2018-07-03,11.4,10.5,11.0,11.25,3.0,37719.0
2018-07-04,,,11.0,,,
2018-07-05,,,11.0,,,
2018-07-06,11.36,11.36,11.0,11.0,1.0,10440.0
2018-07-09,,,11.0,,,
2018-07-10,,,11.0,,,
2018-07-11,,,11.0,,,
2018-07-12,,,11.0,,,
2018-07-13,,,11.0,,,
2018-07-16,,,11.0,,,
2018-07-17,10.25,10.25,11.0,11.0,1.0,5000.0
2018-07-18,,,11.0,,,
2018-07-19,11.36,11.36,11.0,11.0,1.0,1975.0
2018-07-20,11.36,11.36,11.0,11.0,1.0,3477.0
2018-07-23,10.25,10.25,11.0,11.0,1.0,5000.0
2018-07-24,,,11.0,,,
2018-07-25,,,11.0,,,
2018-07-26,,,11.0,,,
2018-07-27,,,11.0,,,
2018-07-30,,,11.0,,,
2018-07-31,,,11.0,,,
2018-08-01,,,11.0,,,
2018-08-02,12.0,12.0,11.0,11.0,1.0,540.0
2018-08-03,11.36,11.36,11.0,11.0,1.0,7430.0
2018-08-06,11.3,11.3,11.0,11.0,1.0,44195.0
2018-08-07,,,11.0,,,
2018-08-08,,,11.0,,,
2018-08-09,11.25,11.25,11.0,11.0,1.0,50000.0
2018-08-10,7.65,6.5,7.5,7.5,24.0,705049.0
2018-08-13,,,7.5,,,
2018-08-14,,,7.5,,,
2018-08-15,,,7.5,,,
2018-08-16,,,7.5,,,
2018-08-17,7.249,7.0,7.25,7.5,5.0,182445.0
2018-08-20,7.0,6.6,6.75,7.25,4.0,92155.0
2018-08-21,6.9,6.555,6.5,6.75,3.0,52490.0
2018-08-22,6.2501,6.2501,6.5,6.5,2.0,7532.0
2018-08-23,,,6.5,,,
2018-08-24,,,6.5,,,
2018-08-28,,,6.5,,,
2018-08-29,6.26,6.26,6.5,6.5,1.0,58500.0
2018-08-30,,,6.5,,,
2018-08-31,6.24,6.24,6.5,6.5,1.0,10000.0
2018-09-03,,,6.5,,,
2018-09-04,,,6.5,,,
2018-09-05,,,6.5,,,
2018-09-06,,,6.25,,,
2018-09-07,,,6.25,,,
2018-09-10,,,6.25,,,
2018-09-11,,,6.25,,,
2018-09-12,,,6.25,,,
2018-09-13,,,6.25,,,
2018-09-14,,,6.25,,,
2018-09-17,,,6.25,,,
2018-09-18,,,6.25,,,
2018-09-19,,,6.25,,,
2018-09-20,6.5,6.5,6.25,6.25,1.0,200.0
2018-09-21,,,6.0,,,
2018-09-24,6.0,5.65,5.75,6.0,2.0,26758.0
2018-09-25,,,5.75,,,
2018-09-26,6.0,6.0,5.75,5.75,1.0,1600.0
2018-09-27,5.99,5.99,5.75,5.75,1.0,1645.0
2018-09-28,,,5.75,,,
2018-10-01,,,5.75,,,
2018-10-02,5.99,5.99,5.75,5.75,1.0,14961.0
2018-10-03,,,5.75,,,
2018-10-04,5.95,5.95,6.0,5.75,1.0,16806.0
2018-10-05,6.15,6.15,6.25,6.0,1.0,4469.0
2018-10-08,,,6.25,,,
2018-10-09,,,6.25,,,
2018-10-10,6.3,6.3,6.25,6.25,1.0,3531.0
2018-10-11,5.5,5.5,6.25,6.25,1.0,2500.0
2018-10-12,,,6.5,,,
2018-10-15,7.0,6.5,6.5,6.5,2.0,17500.0
2018-10-16,,,6.5,,,
2018-10-17,,,6.5,,,
2018-10-18,,,6.5,,,
2018-10-19,6.0,6.0,6.5,6.5,1.0,1645.0
2018-10-22,6.0,6.0,6.5,6.5,1.0,8000.0
2018-10-23,6.0,6.0,6.5,6.5,1.0,1680.0
2018-10-24,,,6.5,,,
2018-10-25,,,6.5,,,
2018-10-26,,,6.5,,,
2018-10-29,,,6.5,,,
2018-10-30,,,6.5,,,
2018-10-31,,,6.5,,,
2018-11-01,6.0,6.0,6.0,6.5,1.0,30000.0
2018-11-02,5.0,3.6222,4.75,4.5,6.0,212082.0
2018-11-05,,,4.75,,,
2018-11-06,,,4.75,,,
2018-11-07,4.5,4.5,4.75,4.75,1.0,4500.0
2018-11-08,,,4.75,,,
2018-11-09,4.5,4.5,4.75,4.75,1.0,21920.0
2018-11-12,,,5.0,,,
2018-11-13,,,5.0,,,
2018-11-14,,,5.0,,,
2018-11-15,,,5.0,,,
2018-11-16,,,5.0,,,
2018-11-19,,,5.0,,,
2018-11-20,,,5.0,,,
2018-11-21,,,5.0,,,
2018-11-22,,,5.0,,,
2018-11-23,,,5.0,,,
2018-11-26,,,5.0,,,
2018-11-27,,,5.0,,,
2018-11-28,,,5.0,,,
2018-11-29,4.84,4.5,5.0,5.0,2.0,85000.0
2018-11-30,,,5.0,,,
2018-12-03,,,5.0,,,
2018-12-04,,,5.0,,,
2018-12-05,,,5.0,,,
2018-12-06,4.5,4.5,4.5,5.0,1.0,20000.0
2018-12-07,4.5,4.5,4.5,4.5,1.0,50000.0
2018-12-10,,,4.5,,,
2018-12-11,,,4.5,,,
2018-12-12,4.0,3.95,3.75,4.5,3.0,145000.0
2018-12-13,4.0,4.0,3.75,3.75,1.0,2400.0
2018-12-14,,,3.75,,,
2018-12-17,,,3.75,,,
2018-12-18,,,3.75,,,
2018-12-19,,,3.75,,,
2018-12-20,,,3.75,,,
2018-12-21,,,3.75,,,
2018-12-24,,,3.75,,,
2018-12-27,,,3.75,,,
2018-12-28,,,3.75,,,
2018-12-31,,,3.75,,,
2019-01-02,3.5001,3.5,3.75,3.75,2.0,64206.0
2019-01-03,,,3.75,,,
2019-01-04,4.0,4.0,3.75,3.75,1.0,2.0
2019-01-07,,,3.75,,,
2019-01-08,4.0,4.0,3.75,3.75,4.0,20008.0
2019-01-09,,,3.75,,,
2019-01-10,,,3.75,,,
2019-01-11,,,3.75,,,
2019-01-14,,,3.75,,,
2019-01-15,,,3.75,,,
2019-01-16,,,3.75,,,
2019-01-17,,,3.75,,,
2019-01-18,,,3.75,,,
2019-01-21,,,3.75,,,
2019-01-22,,,3.75,,,
2019-01-23,,,3.75,,,
2019-01-24,,,3.75,,,
2019-01-25,,,3.75,,,
2019-01-28,,,3.75,,,
2019-01-29,3.975,3.975,3.75,3.75,1.0,2729.0
2019-01-30,,,3.75,,,
2019-01-31,,,3.75,,,
2019-02-01,,,3.75,,,
2019-02-04,,,3.75,,,
2019-02-05,,,3.75,,,
2019-02-06,,,3.75,,,
2019-02-07,,,3.75,,,
2019-02-08,,,3.75,,,
2019-02-11,,,3.75,,,
2019-02-12,,,3.75,,,
2019-02-13,,,3.75,,,
2019-02-14,,,3.75,,,
2019-02-15,,,3.75,,,
2019-02-18,,,3.75,,,
2019-02-19,,,3.75,,,
2019-02-20,,,3.75,,,
2019-02-21,,,3.75,,,
2019-02-22,,,3.75,,,
2019-02-25,3.5,3.5,3.75,3.75,1.0,3100.0
2019-02-26,,,3.75,,,
2019-02-27,,,3.75,,,
2019-02-28,,,3.75,,,
2019-03-01,,,3.75,,,
2019-03-04,3.9,3.9,3.75,3.75,1.0,2833.0
2019-03-05,,,3.75,,,
2019-03-06,,,3.75,,,
2019-03-07,3.9999,3.9999,3.85,3.85,1.0,74878.0
2019-03-08,,,3.85,,,
2019-03-11,3.51,3.51,3.75,3.85,1.0,100000.0
2019-03-12,,,3.6,,,
2019-03-13,3.5,3.5,3.6,3.6,2.0,18855.0
2019-03-14,,,3.6,,,
2019-03-15,,,3.6,,,
2019-03-18,,,3.6,,,
2019-03-19,3.5,3.5,3.6,3.6,2.0,42386.0
2019-03-20,,,3.6,,,
2019-03-21,,,3.6,,,
2019-03-22,,,3.6,,,
2019-03-25,,,3.6,,,
2019-03-26,,,3.6,,,
2019-03-27,,,3.6,,,
2019-03-28,,,3.6,,,
2019-03-29,,,3.6,,,
2019-04-01,,,3.6,,,
2019-04-02,,,3.6,,,
2019-04-03,3.6,3.6,3.35,3.6,1.0,30000.0
2019-04-04,3.7,3.634,3.6,3.6,2.0,100000.0
2019-04-05,,,3.6,,,
2019-04-08,,,3.6,,,
2019-04-09,,,3.75,,,
2019-04-10,3.74,3.74,3.75,3.75,1.0,49999.0
2019-04-11,,,3.75,,,
2019-04-12,,,3.75,,,
2019-04-15,,,3.75,,,
2019-04-16,,,3.75,,,
2019-04-17,,,3.75,,,
2019-04-18,,,3.75,,,
2019-04-23,,,3.75,,,
2019-04-24,,,3.75,,,
2019-04-25,,,3.75,,,
2019-04-26,3.9,3.9,3.75,3.75,1.0,5448.0
2019-04-29,,,3.75,,,
2019-04-30,,,3.75,,,
2019-05-01,,,3.75,,,
2019-05-02,,,3.75,,,
2019-05-03,,,3.75,,,
2019-05-07,,,3.75,,,
2019-05-08,,,3.75,,,
2019-05-09,,,3.75,,,
2019-05-10,,,3.75,,,
2019-05-13,,,3.75,,,
2019-05-14,,,3.75,,,
2019-05-15,,,3.75,,,
2019-05-16,,,3.75,,,
2019-05-17,,,2.75,,,
2019-05-20,2.52,2.52,2.75,2.75,1.0,8839.0
2019-05-21,,,2.75,,,
2019-05-22,2.75,2.74,2.74,2.75,2.0,1000000.0
2019-05-23,2.75,2.75,2.75,2.75,1.0,3000000.0
2019-05-24,2.95,2.9475,2.75,2.75,2.0,2788099.0
2019-05-28,2.91999,2.91999,2.85,2.75,1.0,60000.0
2019-05-29,2.9475,2.9475,2.85,2.85,1.0,1289.0
2019-05-30,3.0,3.0,3.25,2.75,2.0,36666.0
2019-05-31,,,3.25,,,
2019-06-03,3.4,3.4,3.25,3.25,1.0,2426.0
2019-06-04,,,3.25,,,
2019-06-05,,,3.25,,,
2019-06-06,,,3.25,,,
2019-06-07,,,3.25,,,
2019-06-10,3.05,3.05,3.25,3.25,1.0,30946.0
2019-06-11,3.4,3.4,3.25,3.25,1.0,12058.0
2019-06-12,,,3.25,,,
2019-06-13,,,3.25,,,
2019-06-14,,,3.25,,,
2019-06-17,,,3.25,,,
2019-06-18,,,3.25,,,
2019-06-19,,,3.25,,,
2019-06-20,3.0,3.0,3.25,3.25,1.0,100000.0
2019-06-21,3.0,3.0,3.25,3.25,1.0,20000.0
2019-06-24,3.08,3.0,3.15,3.25,2.0,20586.0
2019-06-25,2.8,2.8,3.15,3.15,1.0,13754.0
2019-06-26,,,3.15,,,
2019-06-27,,,3.15,,,
2019-06-28,3.08,3.08,3.15,3.15,1.0,3327.0
2019-07-01,2.8,2.8,3.15,3.15,1.0,3200.0
2019-07-02,,,3.15,,,
2019-07-03,,,3.15,,,
2019-07-04,,,3.15,,,
2019-07-05,3.08,3.08,3.15,3.15,1.0,4820.0
2019-07-08,,,3.15,,,
2019-07-09,,,3.15,,,
2019-07-10,,,3.15,,,
2019-07-11,,,3.15,,,
2019-07-12,3.5,2.8,3.15,3.15,2.0,17103.0
2019-07-15,,,3.15,,,
2019-07-16,,,3.15,,,
2019-07-17,,,3.15,,,
2019-07-18,2.85,2.85,3.15,3.15,1.0,10000.0
2019-07-19,,,3.15,,,
2019-07-22,,,3.15,,,
2019-07-23,,,3.15,,,
2019-07-24,,,3.15,,,
2019-07-25,2.8,2.8,3.15,3.15,1.0,4820.0
2019-07-26,,,3.15,,,
2019-07-29,,,3.15,,,
2019-07-30,,,3.15,,,
2019-07-31,,,3.15,,,
2019-08-01,,,3.15,,,
2019-08-02,,,3.15,,,
2019-08-05,,,3.15,,,
2019-08-06,,,3.15,,,
2019-08-07,,,3.15,,,
2019-08-08,,,3.15,,,
2019-08-09,,,3.15,,,
2019-08-12,,,3.15,,,
2019-08-13,,,3.15,,,
2019-08-14,,,3.15,,,
2019-08-15,,,3.15,,,
2019-08-16,,,3.15,,,
2019-08-19,,,3.15,,,
