Date,HIGH,CLOSE,LOW,OPEN,COUNT,VOLUME
2008-04-24,,,,,,20.0
2008-04-28,1.6,1.25,1.25,1.6,,9660.0
2008-04-29,1.35,1.35,1.35,1.35,,6000.0
2008-04-30,1.6500000000000001,1.45,1.4000000000000001,1.4000000000000001,,6620.0
2008-05-01,1.5,1.3250000000000002,1.3250000000000002,1.5,,8000.0
2008-05-02,1.35,1.3,1.3,1.35,,6100.0
2008-05-05,1.4000000000000001,1.4000000000000001,1.3,1.3,,2300.0
2008-05-06,1.5,1.5,1.5,1.5,,2000.0
2008-05-07,1.75,1.75,1.75,1.75,,1400.0
2008-05-08,1.45,1.45,1.45,1.45,,1000.0
2008-05-09,1.575,1.575,1.575,1.575,,1000.0
2008-05-12,1.5,1.4000000000000001,1.4000000000000001,1.5,,4600.0
2008-12-12,2.0,1.75,1.75,2.0,,800.0
2008-12-15,1.35,1.25,1.25,1.35,,8472.2
2008-12-17,1.2,1.2,1.2,1.2,,2200.0
2008-12-18,1.2,1.2,1.2,1.2,,300.0
2008-12-22,1.1,1.1,1.1,1.1,,100.0
2008-12-23,1.0,0.75,0.6,1.0,,20000.0
2008-12-29,1.05,1.025,1.025,1.025,,16500.0
2008-12-30,1.0,1.0,1.0,1.0,,16000.0
2008-12-31,1.1,1.1,1.1,1.1,,2000.0
2009-01-02,1.5,1.25,1.0,1.25,,16294.6
2009-01-06,1.25,1.25,1.25,1.25,,200.0
2009-01-07,1.25,1.0,1.0,1.25,,14600.0
2009-01-08,1.25,1.0,1.0,1.05,,13601.2
2009-01-12,1.0,1.0,1.0,1.0,,2089.0
2009-01-15,1.25,1.25,1.05,1.2,,18100.0
2009-01-16,1.25,1.25,1.225,1.25,,36150.0
2009-01-19,1.25,1.25,1.25,1.25,,200.0
2009-01-20,1.05,1.0,1.0,1.05,,4100.0
2009-01-27,1.1500000000000001,1.1500000000000001,1.1,1.1,,12000.0
2009-01-28,1.35,1.2,1.2,1.35,,7340.0
2009-01-29,1.4749999999999999,1.4749999999999999,1.4000000000000001,1.4749999999999999,,1880.0
2009-01-30,1.25,1.25,1.25,1.25,,5300.0
2009-02-02,1.35,1.25,1.25,1.35,,20600.0
2009-02-04,1.25,1.2,1.2,1.25,,8200.0
2009-02-05,1.2,1.2,1.2,1.2,,6000.0
2009-02-10,1.3,1.3,1.2,1.2,,8400.0
2009-02-11,1.3,1.225,1.225,1.3,,23900.0
2009-02-12,1.2,1.2,1.2,1.2,,14400.0
2009-02-17,1.25,1.2,1.2,1.25,,41060.0
2009-02-18,1.2,1.2,1.2,1.2,,4550.0
2009-02-19,1.2,1.2,1.2,1.2,,500.0
2009-02-20,1.1500000000000001,1.0,1.0,1.125,,28778.0
2009-02-23,1.4000000000000001,1.25,1.25,1.4000000000000001,,700.0
2009-02-27,1.25,0.9750000000000001,0.9750000000000001,1.25,,34930.0
2009-03-02,1.1,1.0,1.0,1.1,,16000.0
2009-03-05,1.0,1.0,1.0,1.0,,4832.6
2009-03-09,1.1,1.1,1.1,1.1,,6000.0
2009-03-10,1.025,1.0,1.0,1.025,,6000.0
2009-03-11,1.1500000000000001,1.1500000000000001,1.1500000000000001,1.1500000000000001,,1200.0
2009-03-12,1.4249999999999998,1.4249999999999998,1.25,1.25,,34200.0
2009-03-16,1.25,1.25,1.25,1.25,,6000.0
2009-03-19,1.25,1.1500000000000001,1.1500000000000001,1.25,,5100.0
2009-03-23,1.25,1.25,1.25,1.25,,3600.0
2009-03-25,1.5,1.5,1.4249999999999998,1.4249999999999998,,220.0
2009-03-27,1.5,1.5,1.5,1.5,,10000.0
2009-04-06,1.275,1.25,1.25,1.275,,6000.0
2009-04-08,2.0,1.6500000000000001,1.6500000000000001,2.0,,6000.0
2009-04-09,1.5,1.5,1.5,1.5,,5800.0
2009-04-14,1.5,1.25,1.25,1.5,,1200.0
2009-04-17,1.5,1.5,1.5,1.5,,6100.0
2009-04-20,1.5,1.275,1.275,1.5,,6000.0
2009-05-01,1.35,1.35,1.35,1.35,,1100.0
2009-05-04,1.35,1.35,1.35,1.35,,750.4
2009-05-05,1.9,1.9,1.35,1.35,,3800.0
2009-05-08,1.5,1.5,1.5,1.5,,15992.6
2009-05-11,1.5,1.5,1.5,1.5,,100.0
2009-05-12,1.5,1.5,1.5,1.5,,2000.0
2009-05-13,1.55,1.45,1.45,1.55,,15440.0
2009-05-19,1.7249999999999999,1.7249999999999999,1.7249999999999999,1.7249999999999999,,200.0
2009-05-22,1.6,1.6,1.6,1.6,,160.0
2009-05-25,1.6,1.6,1.6,1.6,,5600.0
2009-05-26,1.5,1.5,1.5,1.5,,300.0
2009-06-04,1.55,1.55,1.5,1.5,,45000.0
2009-06-05,1.75,1.75,1.7249999999999999,1.7249999999999999,,2000.0
2009-06-08,1.7000000000000002,1.7000000000000002,1.7000000000000002,1.7000000000000002,,200.0
2009-06-09,1.75,1.75,1.75,1.75,,2200.0
2009-06-10,1.75,1.75,1.75,1.75,,2000.0
2009-06-16,1.75,1.75,1.75,1.75,,8026.0
2009-06-25,1.6,1.6,1.6,1.6,,2050.0
2009-06-29,1.75,1.525,1.525,1.75,,4341.2
2009-07-02,1.5,1.5,1.5,1.5,,1400.0
2009-07-03,1.5,1.5,1.5,1.5,,3800.0
2009-07-06,1.5,1.5,1.5,1.5,,25000.0
2009-07-23,1.45,1.4000000000000001,1.4000000000000001,1.45,,3200.0
2009-07-30,1.4000000000000001,1.4000000000000001,1.4000000000000001,1.4000000000000001,,300.0
2009-08-05,1.4000000000000001,1.4000000000000001,1.4000000000000001,1.4000000000000001,,3000.0
2009-08-11,1.5,1.5,1.5,1.5,,800.0
2009-08-14,1.4000000000000001,1.4000000000000001,1.4000000000000001,1.4000000000000001,,1000.0
2009-08-21,1.5,1.5,1.4000000000000001,1.4000000000000001,,6025.0
2009-08-24,1.625,1.625,1.625,1.625,,1000.0
2009-08-25,1.6,1.6,1.6,1.6,,2000.0
2009-09-09,1.525,1.525,1.525,1.525,,1000.0
2009-09-18,1.4249999999999998,1.4000000000000001,1.4000000000000001,1.4249999999999998,,12800.0
2009-09-23,1.5,1.5,1.25,1.3,,9300.0
2009-09-28,1.75,1.75,1.5,1.5,,3400.0
2009-09-29,1.4000000000000001,1.4000000000000001,1.4000000000000001,1.4000000000000001,,12000.0
2009-10-08,1.4000000000000001,1.4000000000000001,1.4000000000000001,1.4000000000000001,,2800.0
2009-10-09,,,,,,60.0
2009-10-20,1.55,1.5,1.5,1.55,,600.0
2009-10-27,1.5,1.5,1.5,1.5,,4200.0
2009-10-28,1.4000000000000001,1.4000000000000001,1.4000000000000001,1.4000000000000001,,5000.0
2009-11-09,1.45,1.45,1.45,1.45,,3600.0
2009-11-10,1.45,1.45,1.45,1.45,,6000.0
2009-11-13,1.45,1.45,1.45,1.45,,400.0
2009-11-19,1.4000000000000001,1.1500000000000001,1.1500000000000001,1.4000000000000001,,3100.0
2009-11-23,1.6500000000000001,1.6500000000000001,1.55,1.55,,2000.0
2009-11-27,1.5,1.25,1.25,1.5,,5060.0
2009-12-10,1.4000000000000001,1.4000000000000001,1.4000000000000001,1.4000000000000001,,3000.0
2009-12-11,1.5,1.5,1.5,1.5,,2000.0
2009-12-15,1.6,1.6,1.6,1.6,,62400.0
2009-12-17,1.7249999999999999,1.7249999999999999,1.7249999999999999,1.7249999999999999,,2000.0
2009-12-21,1.5,1.5,1.5,1.5,,2000.0
2009-12-22,1.525,1.525,1.525,1.525,,800.0
2009-12-23,1.6,1.6,1.55,1.55,,4532.0
2009-12-29,1.6,1.6,1.6,1.6,,100.0
2010-01-04,1.6,1.6,1.525,1.525,,3200.0
2010-01-07,1.6,1.6,1.6,1.6,,200.0
2010-01-08,1.6,1.6,1.4749999999999999,1.4749999999999999,,9400.0
2010-01-11,1.55,1.5,1.5,1.55,,5000.0
2010-01-12,1.5,1.5,1.5,1.5,,6400.0
2010-01-13,1.5,1.5,1.5,1.5,,3800.0
2010-01-14,1.6,1.5,1.5,1.6,,7100.0
2010-01-18,1.6,1.55,1.55,1.6,,6000.0
2010-01-19,1.55,1.5,1.5,1.55,,2200.0
2010-01-20,1.5,1.5,0.95,1.5,,9400.0
2010-01-21,1.75,1.75,1.5,1.5,,3600.0
2010-01-22,1.5,1.5,1.5,1.5,,100.0
2010-01-25,1.6,1.55,1.55,1.6,,14000.0
2010-01-26,1.6500000000000001,1.6500000000000001,1.6,1.6,,8700.0
2010-01-27,1.75,1.75,1.55,1.55,,19200.0
2010-01-29,1.75,1.625,1.6,1.75,,6600.0
2010-02-01,1.75,1.75,1.75,1.75,,5000.0
2010-02-02,,,,,,98.4
2010-02-03,1.75,1.7000000000000002,1.7000000000000002,1.75,,3000.0
2010-02-04,1.7999999999999998,1.7999999999999998,1.75,1.75,,3400.0
2010-02-08,2.5,1.675,1.675,1.7999999999999998,,3000.0
2010-02-09,1.7999999999999998,1.7999999999999998,1.625,1.75,,6448.0
2010-02-16,1.7999999999999998,1.7999999999999998,1.7999999999999998,1.7999999999999998,,2700.0
2010-02-17,2.0,2.0,1.85,1.9,,14000.0
2010-02-18,2.0,2.0,2.0,2.0,,1100.0
2010-02-19,2.0,2.0,2.0,2.0,,5400.0
2010-02-22,2.0,2.0,2.0,2.0,,2400.0
2010-02-23,2.0,2.0,2.0,2.0,,16400.0
2010-02-24,1.975,1.9500000000000002,1.9500000000000002,1.975,,6450.0
2010-03-03,2.0,1.75,1.75,2.0,,11300.0
2010-03-05,,,,,,60.0
2010-03-09,2.0,2.0,2.0,2.0,,3000.0
2010-03-11,2.3000000000000003,2.3000000000000003,2.0,2.0,,4500.0
2010-03-12,2.275,2.275,2.275,2.275,,200.0
2010-03-17,,,,,,45.0
2010-03-18,2.3000000000000003,2.3000000000000003,2.1,2.1,,6000.0
2010-03-24,2.175,2.05,2.05,2.1,,8900.0
2010-03-25,2.05,2.05,2.05,2.05,,400.0
2010-03-26,2.2,2.2,2.05,2.2,,120.0
2010-03-29,2.45,2.45,2.2,2.2,,1100.0
2010-03-30,2.1,2.1,2.1,2.1,,8200.0
2010-03-31,2.4,2.1,2.1,2.25,,3975.0
2010-04-01,2.25,2.25,2.25,2.25,,2000.0
2010-04-05,2.4,2.4,2.4,2.4,,2300.0
2010-04-06,2.25,2.1,2.1,2.25,,2000.0
2010-04-07,2.4,2.4,2.4,2.4,,4027.4
2010-04-08,2.7,2.7,2.45,2.45,,9734.0
2010-04-09,2.5,2.45,2.45,2.5,,7420.0
2010-04-13,2.5,2.5,2.5,2.5,,27000.0
2010-04-15,2.5,2.4,2.4,2.5,,4190.0
2010-04-16,2.5,2.25,2.25,2.5,,2800.0
2010-04-21,2.5,2.5,2.3000000000000003,2.3000000000000003,,9560.0
2010-04-22,2.5,2.5,2.475,2.475,,2670.4
2010-04-26,2.5,2.5,2.5,2.5,,200.0
2010-04-27,2.5,2.5,2.5,2.5,,900.0
2010-04-28,2.5,2.5,2.5,2.5,,5000.0
2010-04-29,2.9499999999999997,2.5,2.5,2.5,,9660.0
2010-04-30,2.55,2.55,2.55,2.55,,1800.0
2010-05-04,2.5,2.5,2.5,2.5,,200.0
2010-05-05,2.3499999999999996,2.3000000000000003,2.3000000000000003,2.3499999999999996,,2100.0
2010-05-06,2.25,2.25,2.25,2.25,,2200.0
2010-05-10,2.6500000000000004,2.6500000000000004,2.6500000000000004,2.6500000000000004,,200.0
2010-05-17,2.5,2.5,2.5,2.5,,2000.0
2010-05-19,2.5,2.5,2.5,2.5,,640.0
2010-05-27,2.5,2.5,2.5,2.5,,31000.0
2010-05-31,2.5,2.5,2.5,2.5,,100.0
2010-06-02,,,,,,41.4
2010-06-08,2.25,2.25,2.25,2.25,,2000.0
2010-06-10,2.05,2.05,2.05,2.05,,3000.0
2010-06-11,2.25,2.05,2.05,2.25,,5400.0
2010-06-16,2.25,2.0,2.0,2.25,,1836.0
2010-06-18,2.1,2.0,2.0,2.1,,14020.0
2010-06-22,2.0,2.0,2.0,2.0,,5000.0
2010-06-25,2.3000000000000003,2.3000000000000003,2.3000000000000003,2.3000000000000003,,400.0
2010-06-29,2.0250000000000004,1.85,1.75,2.0250000000000004,,19700.0
2010-06-30,1.9,1.9,1.9,1.9,,300.0
2010-07-05,1.85,1.825,1.825,1.85,,7500.0
2010-07-06,1.7000000000000002,1.7000000000000002,1.7000000000000002,1.7000000000000002,,3400.0
2010-07-09,1.9,1.9,1.9,1.9,,2800.0
2010-07-13,2.175,2.175,2.1,2.1,,10000.0
2010-07-15,2.175,2.175,2.175,2.175,,1200.0
2010-07-16,2.3499999999999996,2.3499999999999996,2.2,2.3000000000000003,,15800.0
2010-07-23,2.3499999999999996,2.3499999999999996,2.3499999999999996,2.3499999999999996,,4700.0
2010-07-27,2.3499999999999996,2.0250000000000004,2.0,2.3499999999999996,,98000.0
2010-07-29,2.25,2.0250000000000004,2.0250000000000004,2.0250000000000004,,11300.0
2010-07-30,2.0250000000000004,2.0250000000000004,2.0250000000000004,2.0250000000000004,,2400.0
2010-08-03,2.0250000000000004,2.0,2.0,2.0,,4000.0
2010-08-04,2.375,2.375,2.0,2.0,,5000.0
2010-08-05,2.0,2.0,2.0,2.0,,4000.0
2010-08-06,2.0250000000000004,2.0,2.0,2.0250000000000004,,4000.0
2010-08-09,2.0,2.0,2.0,2.0,,4000.0
2010-08-10,2.0,2.0,2.0,2.0,,200.0
2010-08-11,2.0,2.0,1.9500000000000002,1.9500000000000002,,1400.0
2010-08-16,1.9500000000000002,1.9500000000000002,1.9500000000000002,1.9500000000000002,,800.0
2010-08-19,2.0,2.0,2.0,2.0,,2000.0
2010-08-20,2.0,2.0,2.0,2.0,,7200.0
2010-08-23,2.0,1.9500000000000002,1.9500000000000002,2.0,,1832.0
2010-08-24,2.2,2.0,2.0,2.2,,5100.0
2010-08-25,2.0,2.0,2.0,2.0,,2400.0
2010-08-26,2.0,2.0,2.0,2.0,,2200.0
2010-08-27,2.0,2.0,1.875,1.9500000000000002,,2900.0
2010-08-30,2.1,2.1,2.1,2.1,,3000.0
2010-09-03,2.0,2.0,2.0,2.0,,2000.0
2010-09-07,2.0,2.0,2.0,2.0,,1000.0
2010-09-10,1.9500000000000002,1.9500000000000002,1.9500000000000002,1.9500000000000002,,400.0
2010-09-13,1.9500000000000002,1.9500000000000002,1.9500000000000002,1.9500000000000002,,1000.0
2010-09-15,1.9500000000000002,1.9500000000000002,1.9500000000000002,1.9500000000000002,,1898.4
2010-09-17,2.1,2.1,1.9,1.9,,600.0
2010-09-20,2.1,2.0,1.9,1.9,,8800.0
2010-09-22,2.0,1.925,1.925,2.0,,12600.0
2010-09-27,2.05,1.9500000000000002,1.9500000000000002,2.05,,151400.0
2010-09-28,2.1,2.1,1.9500000000000002,2.0,,7900.0
2010-09-29,2.0,2.0,1.925,1.925,,2900.0
2010-09-30,1.925,1.9,1.9,1.925,,7500.0
2010-10-01,1.875,1.825,1.825,1.875,,10700.0
2010-10-05,1.825,1.825,1.825,1.825,,1970.4
2010-10-07,1.9,1.9,1.825,1.825,,5958.6
2010-10-08,1.875,1.875,1.875,1.875,,10000.0
2010-10-12,1.975,1.975,1.975,1.975,,100.0
2010-10-14,1.7999999999999998,1.7999999999999998,1.7999999999999998,1.7999999999999998,,460.0
2010-10-21,1.7999999999999998,1.7999999999999998,1.7999999999999998,1.7999999999999998,,1000.0
2010-10-28,1.9500000000000002,1.9500000000000002,1.9500000000000002,1.9500000000000002,,2000.0
2010-10-29,1.85,1.7999999999999998,1.7999999999999998,1.85,,2100.0
2010-11-04,1.85,1.775,1.775,1.85,,4000.0
2010-11-08,1.85,1.85,1.85,1.85,,1000.0
2010-11-09,2.0,2.0,1.85,1.85,,152700.0
2010-11-11,1.7999999999999998,1.75,1.75,1.7999999999999998,,11300.0
2010-11-16,1.875,1.875,1.875,1.875,,1400.0
2010-11-18,1.85,1.85,1.85,1.85,,600.0
2010-11-19,1.85,1.85,1.85,1.85,,400.0
2010-11-25,1.7999999999999998,1.7999999999999998,1.7999999999999998,1.7999999999999998,,2000.0
2010-11-29,1.7999999999999998,1.7999999999999998,1.7999999999999998,1.7999999999999998,,400.0
2010-12-02,1.7999999999999998,1.75,1.75,1.7999999999999998,,6480.0
2010-12-03,1.875,1.875,1.875,1.875,,2400.0
2010-12-06,1.875,1.875,1.875,1.875,,340.0
2010-12-08,1.85,1.85,1.85,1.85,,6000.0
2010-12-09,1.85,1.85,1.85,1.85,,524.8
2010-12-14,1.85,1.85,1.85,1.85,,500.0
2010-12-20,1.75,1.7249999999999999,1.7249999999999999,1.75,,6349.2
2010-12-22,1.75,1.6500000000000001,1.6500000000000001,1.75,,7000.0
2010-12-30,1.825,1.75,1.75,1.825,,5800.0
2010-12-31,1.75,1.75,1.75,1.75,,400.0
2011-01-04,1.75,1.75,1.75,1.75,,600.0
2011-01-07,1.7249999999999999,1.7249999999999999,1.7249999999999999,1.7249999999999999,,300.0
2011-01-10,,,,,,20.0
2011-01-12,1.6500000000000001,1.6500000000000001,1.6500000000000001,1.6500000000000001,,7000.0
2011-01-13,1.675,1.6,1.5,1.675,,26800.0
2011-01-14,1.6,1.6,1.6,1.6,,400.0
2011-01-18,1.6,1.6,1.55,1.55,,13500.0
2011-01-19,1.5,1.5,1.5,1.5,,2400.0
2011-01-20,1.5,1.5,1.5,1.5,,58317.8
2011-01-21,1.5,1.45,1.45,1.5,,5300.0
2011-01-24,1.45,1.45,1.4000000000000001,1.4000000000000001,,16700.0
2011-01-25,1.5,1.45,1.45,1.5,,8600.0
2011-01-26,1.5,1.4000000000000001,1.4000000000000001,1.5,,165000.0
2011-01-27,1.5,1.5,1.5,1.5,,3100.0
2011-01-28,1.7000000000000002,1.7000000000000002,1.5,1.5,,9617.8
2011-01-31,1.55,1.55,1.55,1.55,,600.0
2011-02-01,1.75,1.75,1.7000000000000002,1.7000000000000002,,4400.0
2011-02-02,1.7999999999999998,1.7999999999999998,1.75,1.75,,3400.0
2011-02-04,1.7000000000000002,1.7000000000000002,1.7000000000000002,1.7000000000000002,,600.0
2011-02-07,1.7000000000000002,1.7000000000000002,1.7000000000000002,1.7000000000000002,,600.0
2011-02-08,1.75,1.75,1.675,1.675,,1200.0
2011-02-10,1.75,1.55,1.55,1.75,,2800.0
2011-02-11,1.75,1.75,1.75,1.75,,2166.0
2011-02-14,1.9,1.9,1.7999999999999998,1.7999999999999998,,3100.0
2011-02-15,1.9,1.9,1.9,1.9,,700.0
2011-02-16,1.875,1.75,1.75,1.875,,1600.0
2011-02-18,1.625,1.625,1.625,1.625,,2700.0
2011-02-22,1.925,1.7000000000000002,1.5,1.7000000000000002,,17100.0
2011-02-23,1.75,1.75,1.6,1.6,,4200.0
2011-02-25,1.75,1.75,1.75,1.75,,600.0
2011-03-02,1.625,1.6,1.6,1.6,,4200.0
2011-03-03,1.7999999999999998,1.7999999999999998,1.6500000000000001,1.6500000000000001,,3247.0
2011-03-04,1.7000000000000002,1.6,1.6,1.7000000000000002,,3000.0
2011-03-09,1.7999999999999998,1.7999999999999998,1.7999999999999998,1.7999999999999998,,2238.2
2011-03-15,1.6500000000000001,1.6500000000000001,1.6500000000000001,1.6500000000000001,,1200.0
2011-03-16,1.55,1.55,1.55,1.55,,2500.0
2011-03-21,1.6,1.6,1.6,1.6,,6600.0
2011-03-25,1.6500000000000001,1.6500000000000001,1.6500000000000001,1.6500000000000001,,1800.0
2011-03-28,1.625,1.625,1.625,1.625,,500.0
2011-03-30,1.6,1.6,1.6,1.6,,780.0
2011-04-01,1.6500000000000001,1.6,1.6,1.6500000000000001,,3100.0
2011-04-04,1.7249999999999999,1.7249999999999999,1.7249999999999999,1.7249999999999999,,2480.6
2011-04-05,1.7000000000000002,1.625,1.625,1.7000000000000002,,7806.6
2011-04-08,1.6500000000000001,1.6500000000000001,1.6500000000000001,1.6500000000000001,,1193.4
2011-04-11,1.7000000000000002,1.7000000000000002,1.6,1.625,,9200.0
2011-04-13,1.7000000000000002,1.7000000000000002,1.55,1.6,,31200.0
2011-04-15,1.7999999999999998,1.6,1.6,1.7249999999999999,,6600.0
2011-04-19,1.6,1.55,1.55,1.6,,3400.0
2011-04-20,1.675,1.675,1.6500000000000001,1.6500000000000001,,2000.0
2011-04-21,1.7000000000000002,1.7000000000000002,1.7000000000000002,1.7000000000000002,,100.0
2011-04-25,1.625,1.625,1.625,1.625,,500.0
2011-04-26,1.7000000000000002,1.6,1.6,1.7000000000000002,,64600.0
2011-04-28,1.6,1.6,1.6,1.6,,78984.2
2011-04-29,1.6500000000000001,1.6500000000000001,1.6500000000000001,1.6500000000000001,,2000.0
2011-05-02,1.6,1.45,1.45,1.6,,16000.0
2011-05-05,1.6,1.6,1.6,1.6,,2315.0
2011-05-06,1.4749999999999999,1.4749999999999999,1.4749999999999999,1.4749999999999999,,545.0
2011-05-11,,,,,,25.0
2011-05-12,1.6,1.6,1.6,1.6,,1000.0
2011-05-16,1.6,1.6,1.6,1.6,,1000.0
2011-05-24,1.575,1.525,1.525,1.575,,2140.0
2011-05-25,1.55,1.55,1.55,1.55,,525.0
2011-06-02,1.525,1.525,1.5,1.5,,2000.0
2011-06-06,1.525,1.525,1.525,1.525,,900.0
2011-06-07,1.5,1.5,1.5,1.5,,1500.0
2011-06-08,1.5,1.4749999999999999,1.4749999999999999,1.5,,1900.0
2011-06-10,1.45,1.4249999999999998,1.4249999999999998,1.45,,22600.0
2011-06-14,1.45,1.3250000000000002,1.3250000000000002,1.45,,6000.0
2011-06-16,1.4000000000000001,1.4000000000000001,1.4000000000000001,1.4000000000000001,,800.0
2011-06-20,1.4749999999999999,1.4749999999999999,1.4749999999999999,1.4749999999999999,,450.0
2011-06-27,1.525,1.525,1.525,1.525,,200.0
2011-06-29,1.525,1.525,1.525,1.525,,2583.8
2011-07-04,,,,,,54.0
2011-07-07,,,,,,40.0
2011-07-11,1.45,1.45,1.375,1.4249999999999998,,8600.0
2011-07-15,1.4749999999999999,1.4749999999999999,1.4749999999999999,1.4749999999999999,,1110.0
2011-07-18,1.575,1.55,1.4749999999999999,1.575,,1491.4
2011-07-21,1.55,1.55,1.55,1.55,,130.0
2011-07-26,1.45,1.45,1.45,1.45,,100.0
2011-07-28,1.375,1.375,1.375,1.375,,1200.0
2011-08-03,1.375,1.375,1.375,1.375,,1200.0
2011-08-05,1.45,1.1749999999999998,1.1749999999999998,1.3,,5236.0
2011-08-08,1.1500000000000001,1.1500000000000001,1.1500000000000001,1.1500000000000001,,800.0
2011-08-09,1.25,1.25,1.25,1.25,,13000.0
2011-08-10,1.3,1.3,1.25,1.275,,7020.0
2011-08-22,1.35,1.3250000000000002,1.3250000000000002,1.35,,13113.2
2011-08-23,1.45,1.45,1.45,1.45,,200.0
2011-08-24,1.3250000000000002,1.3250000000000002,1.3250000000000002,1.3250000000000002,,4000.0
2011-08-31,1.45,1.45,1.45,1.45,,600.0
2011-09-06,1.35,1.35,1.35,1.35,,2000.0
2011-09-09,1.3,1.3,1.3,1.3,,10060.0
2011-09-12,1.275,1.25,1.25,1.275,,8000.0
2011-09-13,1.3,1.25,1.25,1.3,,4000.0
2011-09-14,,,,,,50.2
2011-09-15,1.25,1.25,1.25,1.25,,800.0
2011-09-19,1.1500000000000001,1.1500000000000001,1.1500000000000001,1.1500000000000001,,800.0
2011-09-21,1.25,1.25,1.25,1.25,,400.0
2011-09-23,1.1500000000000001,1.1500000000000001,1.1500000000000001,1.1500000000000001,,400.0
2011-09-26,1.1,1.1,1.1,1.1,,100.0
2011-09-29,1.2,1.2,1.2,1.2,,1400.0
2011-10-06,1.1,1.1,1.1,1.1,,4000.0
2011-10-14,1.1,1.1,1.1,1.1,,4763.0
2011-10-17,1.075,1.075,1.075,1.075,,8600.0
2011-10-18,1.25,1.25,1.1,1.1,,4500.0
2011-10-21,1.225,1.2,1.2,1.225,,800.0
2011-11-04,1.1500000000000001,1.1500000000000001,1.1500000000000001,1.1500000000000001,,600.0
2011-11-16,1.3,1.25,1.25,1.25,,10000.0
2011-11-18,1.25,1.25,1.25,1.25,,736.8
2011-11-24,1.25,1.25,1.1749999999999998,1.1749999999999998,,440.0
2011-11-25,1.2,1.1500000000000001,1.1500000000000001,1.2,,9900.0
2011-12-01,1.1500000000000001,1.1500000000000001,1.1500000000000001,1.1500000000000001,,4060.0
2011-12-02,1.3,1.3,1.25,1.25,,1900.0
2011-12-05,1.3,1.25,1.25,1.3,,4000.0
2011-12-07,1.45,1.45,1.45,1.45,,2000.0
2011-12-08,1.45,1.45,1.45,1.45,,1000.0
2011-12-09,1.575,1.55,1.55,1.575,,1200.0
2011-12-14,1.575,1.35,1.35,1.575,,2699.4
2011-12-15,1.6,1.45,1.45,1.45,,9020.0
2011-12-19,1.45,1.45,1.45,1.45,,4000.0
2011-12-20,1.45,1.45,1.45,1.45,,9200.0
2011-12-21,1.45,1.45,1.45,1.45,,800.0
2011-12-22,1.45,1.2,1.2,1.45,,6400.0
2011-12-23,1.45,1.275,1.25,1.45,,6360.0
2011-12-29,1.4000000000000001,1.4000000000000001,1.4000000000000001,1.4000000000000001,,1580.0
2011-12-30,1.5,1.5,1.4749999999999999,1.4749999999999999,,1300.0
2012-01-03,1.45,1.45,1.45,1.45,,660.0
2012-01-05,1.45,1.45,1.45,1.45,,1400.0
2012-01-06,1.45,1.45,1.45,1.45,,600.0
2012-01-09,1.45,1.45,1.45,1.45,,878.0
2012-01-12,1.45,1.45,1.4249999999999998,1.4249999999999998,,3292.8
2012-01-20,1.45,1.45,1.4249999999999998,1.4249999999999998,,4401.6
2012-01-27,1.45,1.45,1.4000000000000001,1.4000000000000001,,2100.0
2012-01-30,1.4000000000000001,1.4000000000000001,1.4000000000000001,1.4000000000000001,,600.0
2012-01-31,1.4000000000000001,1.4000000000000001,1.4000000000000001,1.4000000000000001,,500.0
2012-02-01,1.3250000000000002,1.3250000000000002,1.3250000000000002,1.3250000000000002,,1800.0
2012-02-02,1.45,1.45,1.3,1.3250000000000002,,11000.0
2012-02-03,1.45,1.45,1.4249999999999998,1.4249999999999998,,2400.0
2012-02-10,1.4000000000000001,1.375,1.375,1.4000000000000001,,1100.0
2012-02-15,1.4000000000000001,1.4000000000000001,1.4000000000000001,1.4000000000000001,,600.0
2012-02-16,1.4000000000000001,1.4000000000000001,1.4000000000000001,1.4000000000000001,,2900.0
2012-02-23,1.4249999999999998,1.4249999999999998,1.4000000000000001,1.4000000000000001,,3524.6
2012-03-02,1.3250000000000002,1.3250000000000002,1.3250000000000002,1.3250000000000002,,1340.0
2012-03-05,1.3,1.3,1.3,1.3,,1500.0
2012-03-13,1.4000000000000001,1.4000000000000001,1.4000000000000001,1.4000000000000001,,2700.0
2012-03-14,1.35,1.35,1.35,1.35,,706.6
2012-03-20,1.275,1.275,1.275,1.275,,2000.0
2012-03-22,1.4749999999999999,1.4749999999999999,1.4000000000000001,1.4000000000000001,,4600.0
2012-03-23,1.25,1.25,1.25,1.25,,1576.8
2012-03-27,1.1500000000000001,1.1500000000000001,1.1500000000000001,1.1500000000000001,,201700.0
2012-04-05,1.1749999999999998,1.1749999999999998,1.1749999999999998,1.1749999999999998,,1900.0
2012-04-12,1.4249999999999998,1.4249999999999998,1.4249999999999998,1.4249999999999998,,200.0
2012-04-18,1.2,1.2,1.2,1.2,,200.0
2012-04-23,1.2,1.2,1.2,1.2,,8600.0
2012-04-24,1.2,1.2,1.2,1.2,,100.0
2012-04-26,1.2,1.2,1.2,1.2,,3502.0
2012-04-27,1.45,1.45,1.4000000000000001,1.4000000000000001,,800.0
2012-04-30,1.2,1.2,1.2,1.2,,1000.0
2012-05-10,1.25,1.25,1.25,1.25,,2600.0
2012-05-17,1.25,1.25,1.25,1.25,,1600.0
2012-05-23,1.25,1.1500000000000001,1.0,1.25,,33632.8
2012-05-25,1.075,1.075,1.0,1.0,,12300.0
2012-06-05,1.25,1.25,1.25,1.25,,200.0
2012-06-06,1.075,1.075,1.075,1.075,,400.0
2012-06-07,1.075,1.075,1.075,1.075,,4100.0
2012-06-11,1.075,1.075,1.0,1.0,,1551.0
2012-06-13,1.0,1.0,1.0,1.0,,401.4
2012-06-15,1.0,1.0,1.0,1.0,,340.0
2012-06-18,1.0,1.0,1.0,1.0,,798.6
2012-06-21,1.0,1.0,1.0,1.0,,1857.8
2012-06-25,1.0,1.0,1.0,1.0,,3200.0
2012-07-05,1.4000000000000001,1.4000000000000001,1.05,1.05,,8900.0
2012-07-12,1.1,1.1,1.1,1.1,,4627.2
2012-07-17,1.1500000000000001,1.1500000000000001,1.1500000000000001,1.1500000000000001,,300.0
2012-07-23,1.1500000000000001,1.0,1.0,1.1500000000000001,,1244.8
2012-07-24,1.0,1.0,1.0,1.0,,4000.0
2012-07-26,1.125,1.125,1.125,1.125,,1000.0
2012-08-02,1.05,1.05,1.05,1.05,,400.0
2012-08-07,1.1,1.1,1.0,1.0,,5000.0
2012-08-14,1.1500000000000001,1.1500000000000001,1.1,1.1,,4892.2
2012-08-16,1.025,1.0,1.0,1.025,,200.0
2012-08-20,1.0,1.0,1.0,1.0,,340.0
2012-08-21,1.0,1.0,0.8999999999999999,1.0,,35680.0
2012-08-22,1.0,1.0,0.8999999999999999,1.0,,13579.2
2012-08-31,1.0,0.95,0.95,0.95,,2800.0
2012-09-04,0.95,0.95,0.95,0.95,,360.0
2012-09-05,1.1500000000000001,1.1500000000000001,1.1500000000000001,1.1500000000000001,,200.0
2012-09-10,1.0,1.0,1.0,1.0,,1253.0
2012-09-12,1.0,1.0,1.0,1.0,,302.0
2012-09-13,1.0,1.0,1.0,1.0,,8420.0
2012-09-21,1.05,1.05,1.05,1.05,,1000.0
2012-09-26,1.05,1.05,1.05,1.05,,254.8
2012-09-27,1.05,1.05,1.05,1.05,,6000.0
2012-09-28,1.05,1.05,1.05,1.05,,2075.6
2012-10-04,1.1,1.1,1.1,1.1,,800.0
2012-10-09,1.1,1.1,1.1,1.1,1.0,1000.0
2012-10-10,1.025,1.025,1.025,1.025,1.0,2000.0
2012-10-11,1.0,1.0,1.0,1.0,3.0,5000.0
2012-10-12,1.05,1.05,1.05,1.05,1.0,2800.0
2012-10-15,,,,,1.0,40.0
2012-10-16,1.25,1.075,1.075,1.1,5.0,4455.0
2012-10-17,1.05,1.05,1.05,1.05,2.0,330.0
2012-10-18,1.05,1.05,1.05,1.05,2.0,1100.0
2012-10-19,,,,,1.0,8.0
2012-10-22,1.0,1.0,1.0,1.0,1.0,600.0
2012-10-24,1.0,1.0,1.0,1.0,1.0,200.0
2012-10-25,1.0,1.0,1.0,1.0,1.0,3000.0
2012-10-29,1.0,1.0,1.0,1.0,3.0,308.6
2012-10-30,1.0,1.0,1.0,1.0,3.0,1750.0
2012-11-01,1.05,1.05,1.05,1.05,1.0,10000.0
2012-11-16,1.0,1.0,1.0,1.0,2.0,130.0
2012-11-19,1.05,1.05,1.05,1.05,4.0,11395.0
2012-11-20,1.25,1.25,1.25,1.25,1.0,200.0
2012-11-21,1.1,1.1,1.1,1.1,2.0,8000.0
2012-11-22,1.05,1.0,1.0,1.05,10.0,17935.4
2012-11-23,1.0,1.0,1.0,1.0,5.0,13148.2
2012-12-04,1.075,1.075,1.075,1.075,2.0,2100.0
2012-12-05,1.075,1.075,1.075,1.075,2.0,480.0
2012-12-06,1.075,1.075,1.075,1.075,1.0,2000.0
2012-12-07,1.075,1.075,1.075,1.075,1.0,500.0
2012-12-10,1.1,1.1,1.05,1.05,4.0,5700.0
2012-12-11,1.2,1.2,1.2,1.2,2.0,10000.0
2012-12-12,1.25,1.2,1.2,1.25,8.0,27547.8
2012-12-19,1.25,1.25,1.25,1.25,1.0,1400.0
2012-12-21,1.125,1.05,1.05,1.125,3.0,4000.0
2012-12-27,1.05,1.05,1.05,1.05,1.0,3000.0
2012-12-31,1.1500000000000001,1.075,1.075,1.1,5.0,12920.0
2013-01-02,1.1500000000000001,1.1500000000000001,1.1500000000000001,1.1500000000000001,4.0,9000.0
2013-01-03,1.25,1.25,1.2,1.2,4.0,1500.0
2013-01-04,1.125,1.05,1.05,1.125,9.0,10800.0
2013-01-07,1.2,1.2,1.1500000000000001,1.1500000000000001,8.0,8973.8
2013-01-08,1.2,1.2,1.2,1.2,2.0,1200.0
2013-01-09,1.2,1.2,1.2,1.2,1.0,200.0
2013-01-11,1.25,1.25,1.25,1.25,2.0,2000.0
2013-01-14,1.25,1.25,1.25,1.25,1.0,400.0
2013-01-15,1.275,1.275,1.25,1.25,2.0,2000.0
2013-01-16,1.375,1.35,1.35,1.375,5.0,1414.2
2013-01-17,1.35,1.35,1.25,1.35,6.0,6000.0
2013-01-18,1.3,1.3,1.225,1.3,3.0,700.0
2013-01-21,,,,,1.0,74.0
2013-01-24,1.3,1.3,1.3,1.3,3.0,920.0
2013-01-25,1.2,1.2,1.2,1.2,1.0,400.0
2013-01-30,1.25,1.25,1.25,1.25,1.0,900.0
2013-01-31,1.25,1.25,1.25,1.25,1.0,400.0
2013-02-01,1.25,1.25,1.25,1.25,5.0,782.4
2013-02-04,1.25,1.25,1.25,1.25,2.0,1000.0
2013-02-05,1.2,1.1500000000000001,1.125,1.2,5.0,4300.0
2013-02-11,1.25,1.25,1.25,1.25,1.0,600.0
2013-02-12,1.2,1.2,1.2,1.2,2.0,400.0
2013-02-14,1.25,1.25,1.25,1.25,5.0,3240.0
2013-02-15,1.25,1.1,1.1,1.25,7.0,8125.6
2013-02-19,1.1,1.1,1.1,1.1,3.0,4140.0
2013-02-21,1.1500000000000001,1.1500000000000001,1.1500000000000001,1.1500000000000001,1.0,2500.0
2013-02-22,1.225,1.225,1.225,1.225,1.0,100.0
2013-02-25,1.1500000000000001,1.1500000000000001,1.1500000000000001,1.1500000000000001,2.0,392.8
2013-02-26,1.1500000000000001,1.1500000000000001,1.1500000000000001,1.1500000000000001,3.0,3400.0
2013-02-27,1.1,1.1,1.1,1.1,1.0,2000.0
2013-03-01,1.1500000000000001,1.1500000000000001,1.1500000000000001,1.1500000000000001,1.0,500.0
2013-03-06,1.1,1.1,1.1,1.1,1.0,100.0
2013-03-07,1.225,1.225,1.225,1.225,1.0,100.0
2013-03-12,1.225,1.225,1.225,1.225,1.0,1800.0
2013-03-18,1.2,1.2,1.2,1.2,3.0,11000.0
2013-03-21,1.225,1.1,1.1,1.225,3.0,2845.8
2013-03-28,1.1,1.05,1.05,1.1,8.0,10070.0
2013-04-09,1.05,1.05,1.05,1.05,1.0,100.0
2013-04-11,1.2,1.2,1.2,1.2,1.0,2000.0
2013-04-12,1.25,1.05,1.05,1.25,9.0,10911.2
2013-04-15,1.25,1.25,1.25,1.25,3.0,560.0
2013-04-16,1.25,1.25,1.25,1.25,1.0,100.0
2013-04-17,1.025,1.025,1.025,1.025,1.0,1000.0
2013-04-24,1.025,1.025,1.025,1.025,2.0,340.0
2013-04-29,1.05,1.0,1.0,1.05,4.0,3126.2
2013-04-30,,,,,1.0,80.0
2013-05-01,1.05,1.05,1.05,1.05,1.0,2000.0
2013-05-07,1.0,1.0,1.0,1.0,2.0,2400.0
2013-05-08,1.0,1.0,1.0,1.0,2.0,2000.0
2013-05-10,1.225,1.225,1.05,1.05,2.0,700.0
2013-05-15,1.225,1.225,1.2,1.2,5.0,4261.0
2013-05-21,1.225,1.225,1.225,1.225,3.0,260.0
2013-05-22,1.05,1.05,1.05,1.05,1.0,2000.0
2013-05-30,1.05,1.05,1.05,1.05,3.0,644.0
2013-06-05,1.1749999999999998,1.1749999999999998,1.1749999999999998,1.1749999999999998,1.0,400.0
2013-06-06,1.1749999999999998,1.1749999999999998,1.1749999999999998,1.1749999999999998,2.0,1100.0
2013-06-10,1.025,1.025,1.025,1.025,2.0,2000.0
2013-06-12,1.0,1.0,1.0,1.0,1.0,100.0
2013-06-13,1.0,1.0,1.0,1.0,9.0,7100.0
2013-06-17,1.1749999999999998,1.1749999999999998,1.1500000000000001,1.1500000000000001,5.0,5300.0
2013-06-18,1.05,1.025,1.0,1.0,13.0,20373.4
2013-06-19,1.0,1.0,1.0,1.0,2.0,2400.0
2013-06-28,1.0,1.0,1.0,1.0,2.0,3400.0
2013-07-08,1.0,1.0,1.0,1.0,3.0,3460.8
2013-07-11,1.05,1.05,1.05,1.05,1.0,1000.0
2013-07-15,1.05,1.0,1.0,1.05,2.0,1400.0
2013-07-16,1.05,1.0,1.0,1.05,2.0,2300.0
2013-07-17,1.0,1.0,1.0,1.0,1.0,200.0
2013-07-18,1.0,0.9750000000000001,0.9750000000000001,1.0,2.0,5000.0
2013-07-19,1.0,1.0,0.8999999999999999,1.0,7.0,17500.0
2013-07-22,1.0,1.0,1.0,1.0,3.0,2061.6
2013-07-24,1.025,1.0,1.0,1.025,2.0,1600.0
2013-07-25,1.0,1.0,1.0,1.0,1.0,1300.0
2013-07-29,0.925,0.925,0.925,0.925,2.0,168.2
2013-07-31,0.925,0.925,0.925,0.925,1.0,1000.0
2013-08-02,0.95,0.925,0.925,0.95,3.0,714.2
2013-08-07,0.925,0.925,0.925,0.925,1.0,100.0
2013-08-12,0.95,0.95,0.95,0.95,1.0,8000.0
2013-08-13,1.0,1.0,0.95,0.95,3.0,6000.0
2013-08-14,1.0,1.0,1.0,1.0,2.0,3659.0
2013-08-19,1.025,1.025,0.925,0.925,3.0,2284.0
2013-08-23,0.9750000000000001,0.9750000000000001,0.9750000000000001,0.9750000000000001,1.0,200.0
2013-08-26,,,,,1.0,10.0
2013-08-28,0.95,0.95,0.95,0.95,1.0,500.0
2013-09-03,1.0,1.0,0.9750000000000001,0.9750000000000001,2.0,2000.0
2013-09-10,0.95,0.925,0.925,0.95,2.0,1000.0
2013-09-12,0.9750000000000001,0.9750000000000001,0.9750000000000001,0.9750000000000001,1.0,800.0
2013-09-17,0.95,0.925,0.925,0.95,3.0,4000.0
2013-09-18,0.9750000000000001,0.9750000000000001,0.8,0.925,9.0,11546.0
2013-09-19,0.95,0.8250000000000001,0.8250000000000001,0.95,2.0,15000.0
2013-09-20,0.8500000000000001,0.8500000000000001,0.8500000000000001,0.8500000000000001,1.0,5400.0
2013-09-24,0.925,0.8,0.8,0.925,4.0,14000.0
2013-09-27,0.95,0.95,0.925,0.925,2.0,17600.0
2013-10-01,0.925,0.925,0.8,0.8,4.0,19600.0
2013-10-02,0.925,0.925,0.925,0.925,3.0,700.0
2013-10-03,0.8,0.775,0.775,0.8,13.0,24290.0
2013-10-08,0.75,0.75,0.75,0.75,5.0,2336.0
2013-10-09,0.75,0.75,0.75,0.75,1.0,100.0
2013-10-11,0.75,0.5,0.4,0.75,109.0,493563.0
2013-10-15,0.525,0.525,0.475,0.525,34.0,76542.6
2013-10-16,0.525,0.475,0.44999999999999996,0.525,17.0,55700.0
2013-10-17,0.55,0.5,0.5,0.5,6.0,10100.0
2013-10-18,0.55,0.475,0.475,0.55,16.0,21065.6
2013-10-21,0.75,0.55,0.525,0.525,11.0,30880.0
2013-10-22,0.55,0.55,0.55,0.55,1.0,2400.0
2013-10-23,0.525,0.525,0.5,0.5,3.0,4200.0
2013-10-25,0.6,0.6,0.6,0.6,1.0,400.0
2013-10-29,0.6,0.525,0.5,0.6,5.0,2200.0
2013-10-30,0.525,0.525,0.525,0.525,5.0,3000.0
2013-10-31,0.525,0.5,0.5,0.525,2.0,6500.0
2013-11-05,0.5,0.5,0.5,0.5,1.0,900.0
2013-11-06,0.55,0.5,0.5,0.55,3.0,5400.0
2013-11-07,0.525,0.525,0.5,0.5,5.0,4800.0
2013-11-12,0.5,0.5,0.5,0.5,1.0,700.0
2013-11-13,0.5,0.5,0.5,0.5,1.0,4900.0
2013-11-18,0.525,0.525,0.525,0.525,1.0,2000.0
2013-11-19,0.55,0.55,0.55,0.55,1.0,600.0
2013-11-26,0.55,0.55,0.55,0.55,2.0,3700.0
2013-11-27,0.5750000000000001,0.5750000000000001,0.5750000000000001,0.5750000000000001,2.0,2900.0
2013-11-28,0.75,0.75,0.55,0.5750000000000001,12.0,16473.6
2013-11-29,0.6,0.6,0.6,0.6,1.0,2000.0
2013-12-02,0.5750000000000001,0.5750000000000001,0.5750000000000001,0.5750000000000001,1.0,2000.0
2013-12-03,0.5750000000000001,0.5750000000000001,0.5750000000000001,0.5750000000000001,1.0,200.0
2013-12-04,0.6,0.6,0.6,0.6,1.0,2000.0
2013-12-05,0.65,0.65,0.65,0.65,1.0,2000.0
2013-12-06,0.65,0.65,0.6,0.65,4.0,10000.0
2013-12-10,0.6,0.6,0.6,0.6,1.0,2000.0
2013-12-17,0.6,0.55,0.5,0.6,9.0,17400.0
2013-12-24,0.55,0.55,0.55,0.55,1.0,800.0
2013-12-27,0.55,0.55,0.55,0.55,1.0,2000.0
2013-12-31,0.5750000000000001,0.5750000000000001,0.5750000000000001,0.5750000000000001,1.0,2000.0
2014-01-07,0.65,0.65,0.65,0.65,1.0,3800.0
2014-01-08,0.65,0.65,0.65,0.65,5.0,6280.8
2014-01-13,0.65,0.6,0.6,0.65,5.0,11000.0
2014-01-14,0.65,0.65,0.65,0.65,4.0,2168.8
2014-01-16,0.625,0.525,0.525,0.625,5.0,15300.0
2014-01-20,0.55,0.55,0.55,0.55,2.0,390.0
2014-01-22,0.625,0.625,0.625,0.625,1.0,2000.0
2014-01-23,0.625,0.625,0.625,0.625,1.0,1000.0
2014-01-24,0.6,0.6,0.6,0.6,1.0,500.0
2014-01-27,0.55,0.55,0.55,0.55,1.0,1200.0
2014-01-31,0.65,0.65,0.65,0.65,3.0,2040.0
2014-02-03,0.6,0.6,0.6,0.6,2.0,3800.0
2014-02-06,0.55,0.55,0.55,0.55,1.0,4000.0
2014-02-07,0.55,0.55,0.55,0.55,4.0,898.6
2014-02-13,0.55,0.55,0.55,0.55,2.0,209.2
2014-02-19,0.65,0.6,0.6,0.65,3.0,1380.0
2014-02-20,0.675,0.65,0.65,0.675,4.0,8900.0
2014-02-21,0.6,0.5750000000000001,0.5750000000000001,0.6,5.0,5700.0
2014-02-24,0.675,0.65,0.65,0.675,4.0,3100.0
2014-02-26,0.6,0.6,0.6,0.6,2.0,4200.0
2014-02-27,0.6,0.6,0.6,0.6,1.0,1600.0
2014-02-28,0.6,0.6,0.6,0.6,3.0,520.0
2014-03-03,0.6,0.6,0.6,0.6,5.0,8927.8
2014-03-04,,,,,1.0,2.2
2014-03-05,0.65,0.65,0.5750000000000001,0.65,7.0,14100.0
2014-03-07,0.625,0.625,0.625,0.625,2.0,456.2
2014-03-12,0.7000000000000001,0.7000000000000001,0.7000000000000001,0.7000000000000001,2.0,2000.0
2014-03-13,0.675,0.675,0.675,0.675,3.0,480.0
2014-03-14,0.5750000000000001,0.5750000000000001,0.5750000000000001,0.5750000000000001,2.0,4020.0
2014-03-17,0.6,0.6,0.6,0.6,1.0,300.0
2014-03-19,0.6,0.6,0.6,0.6,2.0,2000.0
2014-03-20,0.75,0.75,0.7000000000000001,0.75,7.0,4541.8
2014-03-21,0.725,0.725,0.725,0.725,1.0,1000.0
2014-03-24,0.65,0.65,0.5750000000000001,0.65,11.0,11092.4
2014-03-25,0.5750000000000001,0.5750000000000001,0.5750000000000001,0.5750000000000001,2.0,400.0
2014-03-26,0.65,0.65,0.5750000000000001,0.5750000000000001,7.0,2700.2
2014-03-27,0.6,0.6,0.6,0.6,1.0,2100.0
2014-03-28,0.6,0.6,0.6,0.6,2.0,3300.0
2014-04-01,0.6,0.6,0.6,0.6,1.0,1000.0
2014-04-02,0.65,0.6,0.6,0.65,6.0,8800.0
2014-04-03,0.65,0.65,0.65,0.65,1.0,400.0
2014-04-04,0.6,0.5750000000000001,0.5750000000000001,0.6,5.0,2900.0
2014-04-10,0.6,0.5750000000000001,0.5750000000000001,0.6,3.0,452.8
2014-04-15,0.625,0.625,0.6,0.6,4.0,4879.8
2014-04-22,0.5750000000000001,0.55,0.55,0.5750000000000001,4.0,4900.0
2014-04-23,0.6,0.6,0.6,0.6,2.0,220.0
2014-04-24,0.6,0.6,0.6,0.6,1.0,200.0
2014-04-29,0.65,0.65,0.6,0.6,10.0,27400.0
2014-04-30,0.6,0.6,0.6,0.6,1.0,1800.0
2014-05-01,0.625,0.625,0.6,0.6,3.0,1800.0
2014-05-02,,,,,1.0,60.0
2014-05-05,0.65,0.6,0.6,0.65,4.0,2740.0
2014-05-06,0.65,0.5750000000000001,0.5750000000000001,0.65,2.0,2100.0
2014-05-08,0.625,0.625,0.625,0.625,1.0,3900.0
2014-05-15,0.65,0.65,0.65,0.65,1.0,3700.0
2014-05-16,0.7000000000000001,0.7000000000000001,0.675,0.675,2.0,9600.0
2014-05-20,0.75,0.75,0.75,0.75,2.0,1800.0
2014-05-28,0.75,0.75,0.75,0.75,1.0,400.0
2014-05-29,0.725,0.725,0.7000000000000001,0.7000000000000001,5.0,5072.8
2014-05-30,0.725,0.725,0.725,0.725,1.0,100.0
2014-06-02,0.65,0.65,0.65,0.65,1.0,4000.0
2014-06-04,0.7000000000000001,0.7000000000000001,0.7000000000000001,0.7000000000000001,1.0,400.0
2014-06-06,0.65,0.65,0.65,0.65,5.0,33600.0
2014-06-12,0.7000000000000001,0.7000000000000001,0.7000000000000001,0.7000000000000001,3.0,5023.2
2014-06-13,,,,,1.0,61.8
2014-06-17,,,,,1.0,20.0
2014-06-25,0.625,0.6,0.6,0.625,11.0,29612.0
2014-06-27,0.625,0.6,0.6,0.625,2.0,800.0
2014-06-30,0.6,0.6,0.6,0.6,4.0,6600.0
2014-07-03,0.625,0.6,0.6,0.625,3.0,5000.0
2014-07-07,0.6,0.6,0.6,0.6,6.0,8600.0
2014-07-09,0.625,0.625,0.625,0.625,1.0,2000.0
2014-07-11,0.675,0.675,0.65,0.65,3.0,2959.2
2014-07-14,0.6,0.6,0.6,0.6,4.0,10000.0
2014-07-15,0.6,0.525,0.525,0.6,5.0,9000.0
2014-07-16,0.675,0.675,0.5750000000000001,0.65,7.0,17100.0
2014-07-17,0.7000000000000001,0.7000000000000001,0.7000000000000001,0.7000000000000001,2.0,280.0
2014-07-18,0.5750000000000001,0.5750000000000001,0.5750000000000001,0.5750000000000001,2.0,4479.4
2014-07-21,0.7000000000000001,0.7000000000000001,0.675,0.675,3.0,15000.0
2014-07-31,0.6,0.5750000000000001,0.5750000000000001,0.6,7.0,10200.0
2014-08-08,0.6,0.5750000000000001,0.5750000000000001,0.6,3.0,7700.0
2014-08-14,0.7000000000000001,0.7000000000000001,0.5750000000000001,0.5750000000000001,10.0,20900.0
2014-08-15,0.675,0.675,0.675,0.675,4.0,6033.6
2014-08-20,,,,,1.0,60.0
2014-08-26,0.55,0.55,0.55,0.55,2.0,800.8
2014-08-27,0.6,0.6,0.6,0.6,1.0,1000.0
2014-08-28,0.5750000000000001,0.55,0.55,0.55,6.0,4400.0
2014-08-29,0.55,0.55,0.55,0.55,2.0,1050.0
2014-09-02,0.55,0.55,0.55,0.55,1.0,400.0
2014-09-04,0.55,0.55,0.55,0.55,1.0,1000.0
2014-09-08,0.55,0.55,0.525,0.55,5.0,2285.0
2014-09-09,0.6,0.6,0.525,0.525,7.0,12720.0
2014-09-10,0.5750000000000001,0.5750000000000001,0.5750000000000001,0.5750000000000001,1.0,100.0
2014-09-11,0.55,0.55,0.55,0.55,2.0,3300.0
2014-09-18,0.55,0.55,0.55,0.55,2.0,9741.0
2014-09-19,0.55,0.55,0.55,0.55,1.0,400.0
2014-09-22,0.5,0.5,0.5,0.5,1.0,200.0
2014-09-23,0.55,0.55,0.55,0.55,1.0,400.0
2014-09-24,0.55,0.55,0.55,0.55,1.0,200.0
2014-09-26,0.55,0.55,0.55,0.55,1.0,600.0
2014-10-02,0.55,0.55,0.55,0.55,1.0,400.0
2014-10-06,0.55,0.55,0.55,0.55,1.0,300.0
2014-10-07,0.55,0.55,0.55,0.55,1.0,100.0
2014-10-10,0.475,0.475,0.475,0.475,2.0,7000.0
2014-10-14,0.525,0.525,0.525,0.525,2.0,6000.0
2014-10-16,0.525,0.5,0.5,0.525,5.0,6084.6
2014-10-17,0.5,0.5,0.5,0.5,3.0,2720.0
2014-10-21,0.475,0.475,0.475,0.475,4.0,21534.2
2014-10-23,0.42500000000000004,0.42500000000000004,0.42500000000000004,0.42500000000000004,2.0,280.0
2014-10-28,,,,,1.0,125.4
2014-10-30,0.5,0.5,0.5,0.5,1.0,3000.0
2014-11-03,0.42500000000000004,0.42500000000000004,0.42500000000000004,0.42500000000000004,3.0,2071.0
2014-11-04,0.44999999999999996,0.44999999999999996,0.44999999999999996,0.44999999999999996,2.0,2080.0
2014-11-06,0.7000000000000001,0.5750000000000001,0.5,0.5,15.0,29485.0
2014-11-07,0.725,0.725,0.725,0.725,2.0,200.0
2014-11-10,,,,,1.0,65.0
2014-11-12,0.65,0.65,0.65,0.65,1.0,2000.0
2014-11-27,0.6,0.6,0.6,0.6,3.0,7482.4
2014-12-01,0.5,0.5,0.5,0.5,2.0,4100.0
2014-12-02,0.5,0.475,0.475,0.5,4.0,10000.0
2014-12-03,0.475,0.44999999999999996,0.44999999999999996,0.475,9.0,5440.8
2014-12-04,0.4,0.35000000000000003,0.35000000000000003,0.4,17.0,32532.8
2014-12-05,0.5,0.5,0.4,0.4,6.0,7400.0
2014-12-08,0.4,0.4,0.4,0.4,3.0,5952.4
2014-12-10,0.44999999999999996,0.35000000000000003,0.35000000000000003,0.44999999999999996,12.0,17430.8
2014-12-11,0.4,0.4,0.35000000000000003,0.35000000000000003,3.0,640.0
2014-12-12,0.4,0.4,0.4,0.4,2.0,1708.4
2014-12-16,0.4,0.35000000000000003,0.35000000000000003,0.4,3.0,1646.6
2014-12-18,0.4,0.325,0.325,0.4,4.0,12000.0
2014-12-19,0.325,0.325,0.325,0.325,3.0,2724.6
2014-12-22,0.35000000000000003,0.3,0.3,0.3,8.0,45600.0
2014-12-23,0.375,0.275,0.275,0.375,4.0,10000.0
2014-12-24,0.375,0.3,0.275,0.375,8.0,11200.0
2014-12-29,0.4,0.4,0.35000000000000003,0.35000000000000003,3.0,1200.0
2015-01-02,0.35000000000000003,0.3,0.3,0.35000000000000003,4.0,7997.2
2015-01-06,0.3,0.3,0.3,0.3,2.0,700.0
2015-01-08,0.375,0.375,0.375,0.375,2.0,2400.0
2015-01-12,,,,,1.0,100.0
2015-01-19,0.375,0.3,0.3,0.375,4.0,11700.0
2015-01-23,0.3,0.3,0.3,0.3,2.0,360.0
2015-01-26,0.3,0.3,0.3,0.3,1.0,400.0
2015-01-27,0.325,0.3,0.3,0.325,3.0,3062.4
2015-01-29,0.3,0.3,0.3,0.3,3.0,10500.0
2015-02-02,0.325,0.325,0.325,0.325,2.0,400.0
2015-02-03,0.325,0.325,0.325,0.325,2.0,400.0
2015-02-04,0.325,0.325,0.325,0.325,1.0,200.0
2015-02-05,0.325,0.325,0.25,0.25,4.0,2700.0
2015-02-06,0.325,0.325,0.325,0.325,1.0,1000.0
2015-02-09,0.325,0.325,0.325,0.325,1.0,400.0
2015-02-13,0.3,0.3,0.275,0.275,2.0,4400.0
2015-02-17,0.275,0.275,0.275,0.275,1.0,1000.0
2015-02-18,0.275,0.275,0.275,0.275,2.0,11600.0
2015-02-24,0.275,0.275,0.275,0.275,1.0,400.0
2015-02-25,0.275,0.25,0.25,0.275,12.0,35424.8
2015-03-02,0.3,0.3,0.25,0.3,5.0,12600.0
2015-03-03,0.275,0.275,0.275,0.275,2.0,1200.0
2015-03-05,0.25,0.25,0.25,0.25,1.0,2000.0
2015-03-10,0.275,0.275,0.275,0.275,1.0,4000.0
2015-03-24,0.25,0.25,0.25,0.25,4.0,13400.0
2015-03-27,0.25,0.25,0.22499999999999998,0.22499999999999998,9.0,12304.2
2015-03-30,0.25,0.22499999999999998,0.22499999999999998,0.25,3.0,3234.6
2015-03-31,0.22499999999999998,0.22499999999999998,0.22499999999999998,0.22499999999999998,2.0,4000.0
2015-04-01,0.25,0.25,0.25,0.25,1.0,3000.0
2015-04-06,0.275,0.275,0.275,0.275,6.0,3444.6
2015-04-07,0.25,0.25,0.25,0.25,1.0,2000.0
2015-04-08,0.275,0.275,0.275,0.275,2.0,2400.0
2015-04-09,0.275,0.25,0.25,0.275,5.0,1154.0
2015-04-10,0.25,0.25,0.25,0.25,8.0,21747.8
2015-04-13,0.25,0.25,0.25,0.25,6.0,12100.0
2015-04-14,0.25,0.25,0.25,0.25,1.0,2000.0
2015-04-15,0.275,0.275,0.275,0.275,4.0,2290.0
2015-04-16,0.275,0.275,0.275,0.275,1.0,400.0
2015-04-17,0.275,0.275,0.275,0.275,2.0,300.0
2015-04-20,0.275,0.275,0.275,0.275,3.0,1060.0
2015-04-23,0.275,0.275,0.275,0.275,1.0,1000.0
2015-04-27,0.25,0.25,0.25,0.25,3.0,2700.0
2015-04-28,0.3,0.275,0.275,0.275,5.0,41400.0
2015-04-29,0.275,0.275,0.275,0.275,1.0,1000.0
2015-04-30,0.25,0.25,0.25,0.25,3.0,9400.0
2015-05-05,0.275,0.275,0.25,0.25,5.0,6740.0
2015-05-06,0.325,0.3,0.3,0.3,6.0,23800.0
2015-05-08,0.3,0.3,0.3,0.3,3.0,20000.0
2015-05-12,0.35000000000000003,0.35000000000000003,0.35000000000000003,0.35000000000000003,3.0,3000.0
2015-05-20,0.35000000000000003,0.35000000000000003,0.35000000000000003,0.35000000000000003,1.0,4000.0
2015-05-21,0.325,0.325,0.325,0.325,1.0,1200.0
2015-05-25,0.35000000000000003,0.325,0.325,0.35000000000000003,3.0,4300.0
2015-05-28,0.325,0.325,0.275,0.3,3.0,1600.0
2015-06-01,0.275,0.25,0.25,0.275,3.0,2000.0
2015-06-04,0.25,0.25,0.25,0.25,2.0,700.0
2015-06-15,0.25,0.25,0.25,0.25,1.0,5000.0
2015-06-16,0.25,0.22499999999999998,0.22499999999999998,0.25,2.0,2000.0
2015-06-17,0.25,0.25,0.25,0.25,2.0,1000.0
2015-06-23,0.25,0.25,0.22499999999999998,0.22499999999999998,2.0,18400.0
2015-06-25,0.25,0.25,0.25,0.25,1.0,400.0
2015-06-26,0.25,0.25,0.25,0.25,3.0,25000.0
2015-06-30,0.25,0.25,0.25,0.25,2.0,5800.0
2015-07-07,0.275,0.275,0.275,0.275,1.0,15600.0
2015-07-16,0.275,0.25,0.25,0.275,2.0,3200.0
2015-07-22,0.25,0.22499999999999998,0.22499999999999998,0.25,2.0,4400.0
2015-07-23,0.22499999999999998,0.22499999999999998,0.22499999999999998,0.22499999999999998,2.0,2600.0
2015-08-04,0.22499999999999998,0.22499999999999998,0.22499999999999998,0.22499999999999998,1.0,200.0
2015-08-10,0.22499999999999998,0.22499999999999998,0.22499999999999998,0.22499999999999998,2.0,6000.0
2015-08-17,0.22499999999999998,0.22499999999999998,0.22499999999999998,0.22499999999999998,1.0,6000.0
2015-08-18,0.22499999999999998,0.22499999999999998,0.22499999999999998,0.22499999999999998,1.0,3000.0
2015-08-20,0.2,0.17500000000000002,0.15,0.2,9.0,17687.0
2015-08-25,0.22499999999999998,0.22499999999999998,0.22499999999999998,0.22499999999999998,1.0,600.0
2015-09-02,0.275,0.25,0.22499999999999998,0.22499999999999998,14.0,32300.0
2015-09-03,0.325,0.325,0.25,0.25,8.0,17900.0
2015-09-04,0.3,0.3,0.3,0.3,1.0,10600.0
2015-09-08,0.3,0.3,0.3,0.3,1.0,2000.0
2015-09-09,0.3,0.3,0.3,0.3,1.0,10000.0
2015-09-10,0.35000000000000003,0.325,0.325,0.35000000000000003,3.0,15600.0
2015-09-11,0.35000000000000003,0.35000000000000003,0.35000000000000003,0.35000000000000003,2.0,10000.0
2015-09-16,0.275,0.275,0.275,0.275,3.0,2500.0
2015-09-28,,,,,1.0,100.0
2015-09-29,0.325,0.325,0.325,0.325,1.0,1200.0
2015-10-01,0.35000000000000003,0.3,0.3,0.35000000000000003,3.0,2160.0
2015-10-02,0.3,0.3,0.3,0.3,2.0,700.0
2015-10-05,0.375,0.375,0.375,0.375,3.0,3700.0
2015-10-07,0.3,0.3,0.3,0.3,3.0,1340.0
2015-10-21,0.35000000000000003,0.3,0.3,0.35000000000000003,3.0,44600.0
2015-10-23,0.3,0.3,0.3,0.3,1.0,200.0
2015-11-05,0.3,0.3,0.3,0.3,3.0,640.0
2015-11-06,0.325,0.325,0.325,0.325,2.0,580.0
2015-11-09,0.325,0.325,0.325,0.325,3.0,27400.0
2015-11-10,0.3,0.3,0.3,0.3,1.0,800.0
2015-11-11,0.3,0.3,0.3,0.3,1.0,7400.0
2015-11-12,0.3,0.3,0.3,0.3,1.0,10000.0
2015-11-13,0.3,0.3,0.3,0.3,1.0,2000.0
2015-11-16,0.325,0.3,0.3,0.3,6.0,52200.0
2015-11-17,0.3,0.25,0.25,0.3,16.0,37545.0
2015-11-18,0.35000000000000003,0.35000000000000003,0.3,0.3,4.0,12000.0
2015-11-19,0.325,0.325,0.25,0.3,11.0,27372.0
2015-11-20,0.3,0.3,0.3,0.3,1.0,5000.0
2015-11-23,0.275,0.275,0.275,0.275,1.0,1200.0
2015-12-02,0.3,0.3,0.3,0.3,1.0,2000.0
2015-12-03,0.3,0.3,0.3,0.3,1.0,8000.0
2015-12-09,0.275,0.25,0.25,0.275,5.0,48700.0
2015-12-14,0.25,0.25,0.25,0.25,3.0,10000.0
2015-12-17,0.25,0.25,0.25,0.25,1.0,600.0
2015-12-21,0.275,0.275,0.25,0.25,6.0,26000.0
2015-12-22,0.25,0.25,0.25,0.25,2.0,5000.0
2015-12-29,0.25,0.25,0.25,0.25,1.0,1000.0
2015-12-30,0.25,0.25,0.25,0.25,1.0,1000.0
2016-01-04,0.25,0.25,0.25,0.25,1.0,12400.0
2016-01-06,0.275,0.275,0.275,0.275,1.0,4000.0
2016-01-13,0.275,0.275,0.275,0.275,1.0,200.0
2016-01-18,0.3,0.3,0.3,0.3,1.0,400.0
2016-01-19,0.25,0.25,0.25,0.25,4.0,16000.0
2016-02-05,0.275,0.275,0.275,0.275,2.0,3300.0
2016-02-08,0.275,0.275,0.275,0.275,2.0,1100.0
2016-02-10,0.22499999999999998,0.22499999999999998,0.22499999999999998,0.22499999999999998,2.0,741.4
2016-02-16,0.275,0.275,0.25,0.25,5.0,14400.0
2016-02-19,0.275,0.275,0.275,0.275,2.0,1800.0
2016-03-02,0.25,0.25,0.25,0.25,2.0,1928.4
2016-03-03,,,,,1.0,4.0
2016-03-04,0.3,0.3,0.3,0.3,1.0,3200.0
2016-03-14,0.3,0.3,0.3,0.3,2.0,263.4
2016-03-16,0.3,0.3,0.3,0.3,1.0,1000.0
2016-03-17,0.35000000000000003,0.35000000000000003,0.3,0.3,9.0,31560.0
2016-03-18,0.35000000000000003,0.35000000000000003,0.3,0.325,3.0,16600.0
2016-03-22,0.35000000000000003,0.35000000000000003,0.35000000000000003,0.35000000000000003,1.0,200.0
2016-03-23,0.375,0.375,0.375,0.375,1.0,3000.0
2016-04-04,0.42500000000000004,0.42500000000000004,0.375,0.375,9.0,42655.0
2016-04-13,0.42500000000000004,0.4,0.4,0.42500000000000004,4.0,2500.0
2016-04-14,0.42500000000000004,0.42500000000000004,0.42500000000000004,0.42500000000000004,1.0,1000.0
2016-04-18,0.42500000000000004,0.42500000000000004,0.42500000000000004,0.42500000000000004,2.0,4600.0
2016-04-20,0.375,0.375,0.375,0.375,2.0,3600.0
2016-04-26,0.375,0.375,0.375,0.375,3.0,20200.0
2016-04-29,0.4,0.4,0.4,0.4,3.0,2400.0
2016-05-03,0.625,0.625,0.42500000000000004,0.42500000000000004,3.0,7000.0
2016-05-04,0.5750000000000001,0.55,0.55,0.5750000000000001,5.0,2120.0
2016-05-09,0.42500000000000004,0.4,0.375,0.42500000000000004,21.0,52800.0
2016-05-11,0.375,0.375,0.375,0.375,11.0,23500.0
2016-05-12,0.4,0.4,0.375,0.375,4.0,8000.0
2016-05-16,0.35000000000000003,0.35000000000000003,0.325,0.35000000000000003,10.0,31004.0
2016-05-17,0.375,0.375,0.325,0.325,7.0,11400.0
2016-05-30,0.35000000000000003,0.35000000000000003,0.35000000000000003,0.35000000000000003,3.0,1300.0
2016-05-31,0.375,0.375,0.35000000000000003,0.35000000000000003,4.0,9000.0
2016-06-06,,,,,1.0,40.0
2016-06-10,0.5,0.5,0.44999999999999996,0.44999999999999996,6.0,7400.0
2016-06-17,0.5,0.5,0.44999999999999996,0.44999999999999996,7.0,22621.2
2016-06-20,0.5,0.5,0.5,0.5,2.0,400.0
2016-06-21,0.5,0.5,0.5,0.5,3.0,10714.0
2016-06-22,0.44999999999999996,0.44999999999999996,0.44999999999999996,0.44999999999999996,1.0,300.0
2016-06-24,0.475,0.475,0.475,0.475,2.0,500.0
2016-06-27,0.525,0.525,0.5,0.5,6.0,9800.0
2016-07-04,0.55,0.55,0.55,0.55,2.0,10000.0
2016-07-06,0.525,0.525,0.525,0.525,1.0,1200.0
2016-07-08,0.475,0.475,0.475,0.475,1.0,400.0
2016-07-15,0.5,0.5,0.5,0.5,2.0,1600.0
2016-07-18,0.5,0.475,0.475,0.5,3.0,6000.0
2016-07-21,0.525,0.525,0.525,0.525,2.0,2000.0
2016-07-22,0.55,0.55,0.55,0.55,4.0,8400.0
2016-07-25,0.55,0.55,0.55,0.55,1.0,100.0
2016-07-26,0.55,0.55,0.55,0.55,2.0,2800.0
2016-07-27,0.6,0.6,0.55,0.55,4.0,2500.0
2016-07-28,0.6,0.6,0.5,0.5,3.0,3000.0
2016-07-29,0.6,0.6,0.5750000000000001,0.5750000000000001,2.0,2100.0
2016-08-10,0.5750000000000001,0.5750000000000001,0.5,0.5,2.0,2000.0
2016-08-16,0.5750000000000001,0.5750000000000001,0.5750000000000001,0.5750000000000001,2.0,1200.0
2016-08-18,0.475,0.475,0.44999999999999996,0.475,5.0,2900.0
2016-08-23,0.44999999999999996,0.4,0.4,0.44999999999999996,3.0,1500.0
2016-08-24,0.44999999999999996,0.44999999999999996,0.4,0.4,13.0,43335.2
2016-08-25,0.5750000000000001,0.5750000000000001,0.55,0.55,2.0,37400.0
2016-08-26,0.6,0.6,0.5750000000000001,0.5750000000000001,2.0,400.0
2016-09-01,0.5750000000000001,0.5750000000000001,0.5750000000000001,0.5750000000000001,1.0,1000.0
2016-09-02,0.55,0.55,0.55,0.55,1.0,1500.0
2016-09-12,0.5,0.5,0.5,0.5,1.0,4600.0
2016-09-16,0.5,0.5,0.44999999999999996,0.5,10.0,25200.0
2016-09-20,0.5,0.5,0.44999999999999996,0.44999999999999996,2.0,9600.0
2016-09-23,0.6,0.6,0.5,0.5,3.0,2000.0
2016-09-26,0.6,0.6,0.475,0.475,4.0,1519.2
2016-09-28,0.6,0.6,0.6,0.6,1.0,600.0
2016-09-29,0.525,0.475,0.475,0.525,2.0,2000.0
2016-09-30,0.55,0.55,0.55,0.55,1.0,1000.0
2016-10-03,0.55,0.475,0.475,0.55,3.0,1600.0
2016-10-07,0.55,0.55,0.44999999999999996,0.44999999999999996,4.0,1500.0
2016-10-12,0.55,0.55,0.5,0.5,3.0,5000.0
2016-10-14,0.55,0.55,0.475,0.475,5.0,8200.0
2016-10-18,0.55,0.44999999999999996,0.4,0.55,11.0,35100.0
2016-10-19,0.44999999999999996,0.42500000000000004,0.42500000000000004,0.44999999999999996,2.0,2400.0
2016-10-24,0.42500000000000004,0.42500000000000004,0.42500000000000004,0.42500000000000004,1.0,2800.0
2016-10-25,0.5,0.5,0.5,0.5,1.0,200.0
2016-10-31,0.5,0.5,0.5,0.5,2.0,180.0
2016-11-07,0.42500000000000004,0.42500000000000004,0.42500000000000004,0.42500000000000004,5.0,10849.2
2016-11-08,0.4,0.4,0.4,0.4,3.0,8000.0
2016-11-09,,,,,1.0,25.4
2016-11-10,0.475,0.4,0.4,0.475,2.0,2000.0
2016-11-14,0.44999999999999996,0.44999999999999996,0.375,0.375,2.0,2800.0
2016-11-15,,,,,1.0,100.0
2016-11-16,0.42500000000000004,0.42500000000000004,0.42500000000000004,0.42500000000000004,1.0,1000.0
2016-11-17,,,,,1.0,150.0
2016-11-18,0.375,0.375,0.375,0.375,2.0,4000.0
2016-11-22,0.375,0.35000000000000003,0.35000000000000003,0.375,5.0,12800.0
2016-11-23,0.375,0.375,0.375,0.375,1.0,1600.0
2016-11-24,0.4,0.4,0.4,0.4,2.0,500.0
2016-11-28,0.42500000000000004,0.4,0.4,0.42500000000000004,2.0,3000.0
2016-11-29,0.42500000000000004,0.42500000000000004,0.35000000000000003,0.35000000000000003,3.0,2000.0
2016-11-30,0.35000000000000003,0.35000000000000003,0.35000000000000003,0.35000000000000003,1.0,1000.0
2016-12-07,0.35000000000000003,0.35000000000000003,0.35000000000000003,0.35000000000000003,4.0,14000.0
2016-12-12,0.35000000000000003,0.3,0.3,0.325,7.0,21400.0
2016-12-13,0.35000000000000003,0.35000000000000003,0.35000000000000003,0.35000000000000003,2.0,2000.0
2016-12-14,0.35000000000000003,0.35000000000000003,0.325,0.325,2.0,2000.0
2016-12-19,0.35000000000000003,0.35000000000000003,0.35000000000000003,0.35000000000000003,1.0,3000.0
2016-12-21,0.4,0.35000000000000003,0.35000000000000003,0.4,2.0,800.0
2016-12-23,0.375,0.375,0.375,0.375,1.0,6000.0
2017-01-03,0.4,0.4,0.4,0.4,2.0,500.0
2017-01-05,0.4,0.4,0.4,0.4,1.0,200.0
2017-01-10,0.375,0.375,0.375,0.375,1.0,1000.0
2017-01-16,0.4,0.4,0.4,0.4,2.0,2000.0
2017-01-18,0.375,0.375,0.375,0.375,4.0,1720.0
2017-01-20,0.4,0.4,0.35000000000000003,0.35000000000000003,4.0,6545.4
2017-01-27,0.44999999999999996,0.44999999999999996,0.4,0.4,5.0,7000.0
2017-01-30,0.4,0.4,0.4,0.4,1.0,2000.0
2017-02-06,0.4,0.4,0.4,0.4,1.0,400.0
2017-02-07,0.42500000000000004,0.42500000000000004,0.4,0.4,4.0,3000.0
2017-02-08,0.4,0.4,0.4,0.4,1.0,2000.0
2017-02-10,0.44999999999999996,0.44999999999999996,0.4,0.4,6.0,4750.0
2017-02-13,0.4,0.4,0.4,0.4,2.0,580.0
2017-02-15,0.42500000000000004,0.42500000000000004,0.42500000000000004,0.42500000000000004,4.0,10100.0
2017-02-16,0.44999999999999996,0.44999999999999996,0.44999999999999996,0.44999999999999996,1.0,400.0
2017-02-17,0.44999999999999996,0.44999999999999996,0.44999999999999996,0.44999999999999996,2.0,900.0
2017-02-21,0.44999999999999996,0.44999999999999996,0.44999999999999996,0.44999999999999996,4.0,620.0
2017-02-22,0.44999999999999996,0.44999999999999996,0.35000000000000003,0.35000000000000003,2.0,1600.0
2017-02-23,0.4,0.4,0.4,0.4,2.0,8800.0
2017-03-03,0.4,0.4,0.4,0.4,1.0,800.0
2017-03-07,0.375,0.375,0.375,0.375,2.0,3000.0
2017-03-08,0.4,0.4,0.4,0.4,2.0,500.0
2017-03-10,0.4,0.4,0.35000000000000003,0.35000000000000003,2.0,2000.0
2017-03-15,,,,,1.0,100.0
2017-03-17,0.44999999999999996,0.44999999999999996,0.4,0.4,3.0,1200.0
2017-03-23,0.44999999999999996,0.44999999999999996,0.44999999999999996,0.44999999999999996,1.0,200.0
2017-03-31,0.44999999999999996,0.44999999999999996,0.44999999999999996,0.44999999999999996,1.0,200.0
2017-04-03,0.4,0.4,0.4,0.4,1.0,400.0
2017-04-11,0.375,0.375,0.375,0.375,2.0,430.0
2017-04-13,0.375,0.35000000000000003,0.35000000000000003,0.375,4.0,6000.0
2017-04-17,0.4,0.4,0.375,0.375,5.0,8150.0
2017-04-19,0.4,0.4,0.35000000000000003,0.35000000000000003,9.0,41399.8
2017-04-25,0.42500000000000004,0.35000000000000003,0.35000000000000003,0.42500000000000004,3.0,800.0
2017-04-26,0.375,0.375,0.375,0.375,2.0,4400.0
2017-04-27,0.4,0.4,0.4,0.4,6.0,60000.0
2017-05-02,0.375,0.375,0.375,0.375,3.0,2820.0
2017-05-04,0.375,0.375,0.325,0.35000000000000003,3.0,3000.0
2017-05-05,0.4,0.4,0.4,0.4,3.0,11000.0
2017-05-10,0.4,0.4,0.4,0.4,1.0,200.0
2017-05-12,0.4,0.4,0.4,0.4,1.0,1200.0
2017-05-17,0.375,0.375,0.325,0.35000000000000003,3.0,4800.0
2017-05-23,0.325,0.325,0.325,0.325,1.0,1800.0
2017-05-24,0.375,0.375,0.375,0.375,1.0,2400.0
2017-06-08,0.35000000000000003,0.35000000000000003,0.35000000000000003,0.35000000000000003,2.0,500.0
2017-06-13,0.375,0.375,0.375,0.375,2.0,240.0
2017-06-26,0.35000000000000003,0.35000000000000003,0.35000000000000003,0.35000000000000003,2.0,3000.0
2017-06-30,0.35000000000000003,0.35000000000000003,0.325,0.325,4.0,37000.0
2017-07-06,0.375,0.375,0.3,0.3,4.0,3600.0
2017-07-10,0.35000000000000003,0.35000000000000003,0.35000000000000003,0.35000000000000003,1.0,200.0
2017-07-18,0.35000000000000003,0.35000000000000003,0.35000000000000003,0.35000000000000003,1.0,600.0
2017-07-24,0.3,0.3,0.3,0.3,3.0,6000.0
2017-07-25,0.325,0.325,0.3,0.3,4.0,3020.0
2017-07-26,0.325,0.325,0.3,0.3,3.0,2000.0
2017-08-02,0.3,0.3,0.3,0.3,1.0,600.0
2017-08-08,0.325,0.3,0.3,0.325,2.0,1000.0
2017-08-09,0.275,0.275,0.275,0.275,1.0,1200.0
2017-08-10,0.3,0.3,0.3,0.3,1.0,1200.0
2017-08-23,0.275,0.275,0.275,0.275,1.0,600.0
2017-08-25,0.325,0.325,0.3,0.3,2.0,1800.0
2017-09-05,0.3,0.3,0.3,0.3,2.0,3200.0
2017-09-06,0.3,0.275,0.275,0.3,3.0,10000.0
2017-09-07,0.3,0.3,0.3,0.3,5.0,49800.0
2017-09-11,0.325,0.275,0.275,0.325,2.0,5000.0
2017-09-19,0.275,0.275,0.275,0.275,2.0,5000.0
2017-09-20,0.3,0.3,0.3,0.3,1.0,1000.0
2017-09-27,0.275,0.25,0.25,0.25,6.0,14000.0
2017-09-28,0.25,0.25,0.25,0.25,2.0,4600.0
2017-10-02,0.275,0.275,0.25,0.25,6.0,22200.0
2017-10-12,0.275,0.275,0.275,0.275,2.0,20000.0
2017-10-13,0.275,0.275,0.275,0.275,1.0,1000.0
2017-10-16,0.275,0.275,0.25,0.25,5.0,21400.0
2017-10-17,0.275,0.275,0.275,0.275,3.0,38400.0
2017-10-23,0.25,0.25,0.25,0.25,1.0,2800.0
2017-10-24,0.275,0.275,0.275,0.275,1.0,1200.0
2017-10-25,0.275,0.275,0.25,0.25,2.0,15200.0
2017-10-27,0.275,0.275,0.275,0.275,1.0,1400.0
2017-10-30,0.275,0.275,0.275,0.275,1.0,600.0
2017-11-01,0.25,0.25,0.25,0.25,2.0,500.0
2017-11-03,0.25,0.25,0.25,0.25,2.0,420.0
2017-11-07,0.275,0.275,0.275,0.275,1.0,1600.0
2017-11-10,0.25,0.25,0.25,0.25,2.0,5600.0
2017-11-14,0.275,0.275,0.275,0.275,2.0,800.0
2017-11-16,0.22499999999999998,0.22499999999999998,0.22499999999999998,0.22499999999999998,1.0,400.0
2017-11-17,0.275,0.275,0.275,0.275,5.0,8000.0
2017-11-20,,,,,1.0,160.0
2017-11-22,0.275,0.275,0.275,0.275,2.0,480.0
2017-11-23,0.275,0.275,0.275,0.275,3.0,4000.0
2017-11-27,0.275,0.275,0.275,0.275,2.0,2400.0
2017-11-29,0.25,0.25,0.25,0.25,1.0,400.0
2017-11-30,0.25,0.25,0.25,0.25,2.0,1000.0
2017-12-01,0.275,0.275,0.275,0.275,1.0,2000.0
2017-12-05,0.275,0.25,0.25,0.275,4.0,20800.0
2017-12-08,0.275,0.22499999999999998,0.22499999999999998,0.275,2.0,1600.0
2017-12-11,0.275,0.275,0.22499999999999998,0.22499999999999998,8.0,27600.0
2017-12-12,0.275,0.25,0.25,0.275,5.0,4800.0
2017-12-13,0.25,0.25,0.25,0.25,1.0,4000.0
2017-12-14,0.25,0.22499999999999998,0.22499999999999998,0.25,3.0,6000.0
2017-12-15,0.3,0.3,0.25,0.25,5.0,14800.0
2017-12-18,0.44999999999999996,0.44999999999999996,0.3,0.3,12.0,40100.0
2017-12-19,0.375,0.375,0.3,0.3,4.0,1400.0
2017-12-20,,,,,1.0,82.0
2017-12-22,0.375,0.375,0.3,0.325,10.0,51800.0
2017-12-27,,,,,1.0,100.0
2017-12-28,,,,,1.0,82.0
2017-12-29,0.35000000000000003,0.3,0.25,0.325,22.0,61000.0
2018-01-03,0.275,0.275,0.275,0.275,1.0,200.0
2018-01-05,0.3,0.275,0.275,0.3,4.0,4500.0
2018-01-17,0.275,0.275,0.275,0.275,3.0,3800.0
2018-01-18,0.275,0.25,0.25,0.275,2.0,3200.0
2018-01-19,0.275,0.25,0.25,0.275,2.0,5200.0
2018-01-23,0.275,0.275,0.275,0.275,4.0,16500.0
2018-01-25,0.275,0.275,0.275,0.275,2.0,1600.0
2018-01-26,0.275,0.275,0.275,0.275,2.0,3400.0
2018-01-29,0.25,0.25,0.25,0.25,5.0,3210.0
2018-01-30,0.275,0.275,0.275,0.275,1.0,2000.0
2018-01-31,,,,,1.0,100.0
2018-02-01,0.3,0.3,0.3,0.3,3.0,4000.0
2018-02-02,0.275,0.275,0.275,0.275,1.0,1200.0
2018-02-05,0.325,0.325,0.3,0.3,13.0,33204.0
2018-02-06,0.375,0.375,0.325,0.325,13.0,29720.0
2018-02-07,0.375,0.35000000000000003,0.35000000000000003,0.35000000000000003,7.0,24240.0
2018-02-09,0.325,0.325,0.325,0.325,2.0,12400.0
2018-02-12,0.375,0.375,0.375,0.375,1.0,1000.0
2018-02-13,0.375,0.375,0.375,0.375,1.0,2000.0
2018-02-15,0.3,0.275,0.275,0.3,5.0,13500.0
2018-02-20,0.35000000000000003,0.35000000000000003,0.3,0.3,3.0,500.0
2018-02-21,0.35000000000000003,0.3,0.3,0.35000000000000003,4.0,1580.0
2018-02-27,0.3,0.3,0.3,0.3,2.0,2600.0
2018-02-28,0.275,0.25,0.25,0.275,6.0,17400.0
2018-03-01,0.275,0.275,0.275,0.275,1.0,600.0
2018-03-02,0.25,0.25,0.25,0.25,2.0,9000.0
2018-03-05,0.275,0.275,0.275,0.275,2.0,1400.0
2018-03-06,0.25,0.25,0.25,0.25,1.0,800.0
2018-03-07,0.25,0.22499999999999998,0.22499999999999998,0.25,4.0,5000.0
2018-03-15,0.25,0.25,0.25,0.25,3.0,7200.0
2018-03-22,0.22499999999999998,0.22499999999999998,0.22499999999999998,0.22499999999999998,4.0,13800.0
2018-03-23,0.25,0.25,0.2,0.22499999999999998,5.0,12600.0
2018-03-26,0.25,0.25,0.25,0.25,1.0,200.0
2018-03-28,0.22499999999999998,0.22499999999999998,0.2,0.2,3.0,10600.0
2018-03-29,0.2,0.2,0.2,0.2,1.0,600.0
2018-04-03,0.22499999999999998,0.2,0.2,0.22499999999999998,6.0,12600.0
2018-04-04,0.25,0.25,0.25,0.25,1.0,200.0
2018-04-09,0.2,0.2,0.2,0.2,2.0,500.0
2018-04-12,0.25,0.25,0.25,0.25,2.0,2000.0
2018-04-20,0.275,0.275,0.2,0.25,10.0,13800.0
2018-04-25,0.22499999999999998,0.22499999999999998,0.22499999999999998,0.22499999999999998,1.0,600.0
2018-04-27,0.22499999999999998,0.17500000000000002,0.17500000000000002,0.22499999999999998,4.0,14000.0
2018-04-30,0.22499999999999998,0.22499999999999998,0.22499999999999998,0.22499999999999998,1.0,1000.0
2018-05-01,0.22499999999999998,0.22499999999999998,0.17500000000000002,0.17500000000000002,9.0,21026.6
2018-05-02,0.22499999999999998,0.17500000000000002,0.17500000000000002,0.22499999999999998,5.0,23640.0
2018-05-03,0.2,0.2,0.2,0.2,1.0,800.0
2018-05-04,0.17500000000000002,0.17500000000000002,0.17500000000000002,0.17500000000000002,3.0,6400.0
2018-05-10,0.22499999999999998,0.22499999999999998,0.22499999999999998,0.22499999999999998,1.0,1200.0
2018-05-11,0.22499999999999998,0.22499999999999998,0.22499999999999998,0.22499999999999998,2.0,1000.0
2018-05-14,0.2,0.17500000000000002,0.17500000000000002,0.2,4.0,4200.0
2018-05-18,0.25,0.25,0.22499999999999998,0.22499999999999998,5.0,14800.0
2018-05-22,0.3,0.275,0.275,0.3,7.0,19440.0
2018-05-23,0.3,0.3,0.3,0.3,2.0,10000.0
2018-05-24,0.325,0.325,0.3,0.3,10.0,53600.0
2018-05-25,0.35000000000000003,0.35000000000000003,0.325,0.325,8.0,49803.8
2018-05-28,0.35000000000000003,0.35000000000000003,0.35000000000000003,0.35000000000000003,2.0,2200.0
2018-05-29,0.35000000000000003,0.325,0.325,0.325,4.0,26803.8
2018-05-30,0.35000000000000003,0.35000000000000003,0.35000000000000003,0.35000000000000003,1.0,10000.0
2018-06-01,0.35000000000000003,0.35000000000000003,0.35000000000000003,0.35000000000000003,2.0,10400.0
2018-06-04,0.35000000000000003,0.35000000000000003,0.35000000000000003,0.35000000000000003,2.0,10180.0
2018-06-05,0.325,0.325,0.325,0.325,1.0,6600.0
2018-06-06,0.35000000000000003,0.325,0.325,0.35000000000000003,4.0,16391.0
2018-06-07,0.35000000000000003,0.35000000000000003,0.35000000000000003,0.35000000000000003,1.0,600.0
2018-06-08,0.375,0.35000000000000003,0.35000000000000003,0.375,4.0,14780.0
2018-06-11,0.325,0.325,0.325,0.325,1.0,400.0
2018-06-12,0.375,0.375,0.375,0.375,3.0,9000.0
2018-06-14,0.4,0.4,0.375,0.375,5.0,30000.0
2018-06-18,0.42500000000000004,0.42500000000000004,0.42500000000000004,0.42500000000000004,1.0,1000.0
2018-06-20,0.42500000000000004,0.42500000000000004,0.375,0.375,3.0,7900.0
2018-06-21,0.42500000000000004,0.4,0.4,0.42500000000000004,5.0,11600.0
2018-06-22,0.475,0.475,0.4,0.4,11.0,132374.0
2018-06-25,0.4,0.4,0.4,0.4,1.0,1000.0
2018-06-27,0.42500000000000004,0.42500000000000004,0.42500000000000004,0.42500000000000004,2.0,8000.0
2018-06-28,0.44999999999999996,0.4,0.4,0.44999999999999996,7.0,6440.0
2018-07-06,0.42500000000000004,0.42500000000000004,0.42500000000000004,0.42500000000000004,1.0,4600.0
2018-07-09,0.42500000000000004,0.42500000000000004,0.4,0.42500000000000004,6.0,15800.0
2018-07-10,0.44999999999999996,0.44999999999999996,0.42500000000000004,0.42500000000000004,4.0,7800.0
2018-07-13,0.42500000000000004,0.42500000000000004,0.42500000000000004,0.42500000000000004,3.0,7600.0
2018-07-17,0.42500000000000004,0.42500000000000004,0.42500000000000004,0.42500000000000004,6.0,125780.0
2018-07-18,,,,,1.0,10.0
2018-07-19,0.42500000000000004,0.42500000000000004,0.42500000000000004,0.42500000000000004,3.0,12400.0
2018-07-20,0.42500000000000004,0.42500000000000004,0.42500000000000004,0.42500000000000004,2.0,9000.0
2018-07-23,0.42500000000000004,0.42500000000000004,0.42500000000000004,0.42500000000000004,3.0,5800.0
2018-07-24,0.42500000000000004,0.42500000000000004,0.4,0.4,4.0,16400.0
2018-07-25,0.42500000000000004,0.42500000000000004,0.42500000000000004,0.42500000000000004,3.0,11800.0
2018-07-26,0.42500000000000004,0.42500000000000004,0.42500000000000004,0.42500000000000004,1.0,7800.0
2018-07-27,0.4,0.4,0.4,0.4,2.0,10000.0
2018-07-30,0.4,0.4,0.4,0.4,2.0,12200.0
2018-07-31,0.42500000000000004,0.4,0.4,0.42500000000000004,3.0,55000.0
2018-08-01,0.42500000000000004,0.42500000000000004,0.42500000000000004,0.42500000000000004,2.0,18000.0
2018-08-02,0.42500000000000004,0.42500000000000004,0.42500000000000004,0.42500000000000004,1.0,5000.0
2018-08-03,0.42500000000000004,0.4,0.4,0.42500000000000004,2.0,10600.0
2018-08-07,0.6,0.525,0.42500000000000004,0.42500000000000004,24.0,111200.0
2018-08-08,0.6,0.6,0.55,0.55,14.0,25020.0
2018-08-09,0.6,0.6,0.6,0.6,6.0,15300.0
2018-08-10,0.525,0.5,0.5,0.525,2.0,2000.0
2018-08-13,0.6,0.6,0.6,0.6,1.0,2400.0
2018-08-14,0.7000000000000001,0.5750000000000001,0.5750000000000001,0.7000000000000001,7.0,57280.0
2018-08-15,0.6,0.6,0.5750000000000001,0.5750000000000001,3.0,1680.0
2018-08-17,0.6,0.6,0.6,0.6,1.0,6100.0
2018-08-20,0.675,0.65,0.625,0.65,7.0,40300.0
2018-08-21,0.65,0.65,0.65,0.65,2.0,700.0
2018-08-22,0.7000000000000001,0.65,0.65,0.65,5.0,20906.0
2018-08-23,0.7000000000000001,0.7000000000000001,0.65,0.65,6.0,7900.0
2018-08-24,0.725,0.7000000000000001,0.7000000000000001,0.725,3.0,14050.0
2018-08-27,0.7000000000000001,0.7000000000000001,0.65,0.7000000000000001,4.0,11800.0
2018-08-28,0.65,0.65,0.65,0.65,6.0,15000.0
2018-08-29,0.675,0.675,0.675,0.675,2.0,7000.0
2018-08-30,0.675,0.675,0.675,0.675,1.0,4000.0
2018-08-31,0.675,0.625,0.625,0.675,2.0,4000.0
2018-09-04,0.6,0.6,0.6,0.6,1.0,400.0
2018-09-05,0.675,0.675,0.675,0.675,1.0,10000.0
2018-09-06,0.7000000000000001,0.7000000000000001,0.7000000000000001,0.7000000000000001,3.0,1520.0
2018-09-07,0.7000000000000001,0.675,0.6,0.7000000000000001,5.0,6205.6
2018-09-12,0.65,0.65,0.6,0.65,8.0,18600.0
2018-09-13,0.7000000000000001,0.7000000000000001,0.675,0.675,10.0,18000.0
2018-09-17,0.675,0.675,0.65,0.65,2.0,6800.0
2018-09-18,0.7000000000000001,0.7000000000000001,0.7000000000000001,0.7000000000000001,4.0,5842.4
2018-09-19,0.675,0.65,0.65,0.675,5.0,20100.0
2018-09-20,0.675,0.675,0.6,0.625,11.0,24585.6
2018-09-21,0.675,0.625,0.625,0.625,10.0,20766.0
2018-09-24,0.65,0.65,0.625,0.625,2.0,7900.0
2018-09-25,0.65,0.625,0.625,0.625,5.0,9100.0
2018-09-26,0.65,0.55,0.55,0.65,8.0,16400.0
2018-09-28,0.6,0.6,0.6,0.6,2.0,580.0
2018-10-03,0.55,0.55,0.55,0.55,1.0,3000.0
2018-10-05,0.55,0.55,0.55,0.55,1.0,500.0
2018-10-09,0.55,0.55,0.55,0.55,4.0,11000.0
2018-10-10,0.5,0.5,0.5,0.5,1.0,4000.0
2018-10-22,0.55,0.55,0.55,0.55,1.0,900.0
2018-10-23,0.5,0.44999999999999996,0.44999999999999996,0.5,3.0,2300.0
2018-10-24,0.5,0.5,0.5,0.5,2.0,800.0
2018-10-25,0.44999999999999996,0.44999999999999996,0.44999999999999996,0.44999999999999996,1.0,200.0
2018-10-30,0.5,0.5,0.5,0.5,1.0,200.0
2018-10-31,0.5,0.5,0.5,0.5,1.0,1000.0
2018-11-13,0.44999999999999996,0.44999999999999996,0.44999999999999996,0.44999999999999996,1.0,2600.0
2018-11-15,0.44999999999999996,0.42500000000000004,0.42500000000000004,0.44999999999999996,4.0,1100.0
2018-11-19,0.42500000000000004,0.4,0.4,0.42500000000000004,3.0,617.0
2018-11-20,0.4,0.4,0.4,0.4,3.0,6060.0
2018-11-22,0.4,0.4,0.4,0.4,1.0,200.0
2018-11-27,0.4,0.4,0.25,0.3,10.0,28820.0
2018-11-28,0.3,0.22499999999999998,0.2,0.275,53.0,289820.0
2018-11-30,0.25,0.22499999999999998,0.22499999999999998,0.22499999999999998,13.0,16660.0
2018-12-03,0.22499999999999998,0.22499999999999998,0.22499999999999998,0.22499999999999998,3.0,10000.0
2018-12-06,0.2,0.17500000000000002,0.17500000000000002,0.2,12.0,40900.0
2018-12-07,0.2,0.2,0.2,0.2,11.0,12407.6
2018-12-10,0.2,0.2,0.2,0.2,2.0,5600.0
2018-12-12,0.22499999999999998,0.2,0.2,0.22499999999999998,3.0,5200.0
2018-12-14,0.2,0.2,0.2,0.2,1.0,600.0
2018-12-17,0.2,0.2,0.2,0.2,1.0,10000.0
2018-12-18,0.2,0.2,0.2,0.2,1.0,1200.0
2018-12-19,0.17500000000000002,0.17500000000000002,0.17500000000000002,0.17500000000000002,2.0,6400.0
2018-12-20,0.2,0.2,0.2,0.2,5.0,24200.0
2018-12-21,0.22499999999999998,0.2,0.17500000000000002,0.22499999999999998,6.0,5400.0
2018-12-28,0.2,0.2,0.2,0.2,1.0,200.0
2018-12-31,0.2,0.2,0.2,0.2,1.0,1400.0
2019-01-02,0.17500000000000002,0.17500000000000002,0.17500000000000002,0.17500000000000002,2.0,790.0
2019-01-04,0.25,0.22499999999999998,0.2,0.2,6.0,14600.0
2019-01-15,0.325,0.325,0.22499999999999998,0.22499999999999998,5.0,7000.0
2019-01-18,0.25,0.22499999999999998,0.22499999999999998,0.25,2.0,2000.0
2019-01-25,0.275,0.275,0.275,0.275,2.0,730.0
2019-01-28,0.275,0.275,0.275,0.275,1.0,200.0
2019-02-01,0.275,0.25,0.2,0.25,10.0,15800.0
2019-02-04,0.275,0.25,0.25,0.25,4.0,5600.0
2019-02-12,0.25,0.25,0.22499999999999998,0.22499999999999998,2.0,2400.0
2019-02-14,0.22499999999999998,0.22499999999999998,0.22499999999999998,0.22499999999999998,2.0,6000.0
2019-02-21,0.2,0.2,0.2,0.2,3.0,9600.0
2019-02-25,0.2,0.2,0.2,0.2,3.0,10000.0
2019-02-27,0.2,0.17500000000000002,0.17500000000000002,0.2,3.0,1100.0
2019-02-28,0.275,0.25,0.22499999999999998,0.22499999999999998,7.0,18000.0
2019-03-01,0.25,0.25,0.25,0.25,1.0,4000.0
2019-03-04,0.275,0.275,0.275,0.275,1.0,1000.0
2019-03-08,0.25,0.22499999999999998,0.22499999999999998,0.25,3.0,2200.0
2019-03-19,0.22499999999999998,0.2,0.2,0.22499999999999998,2.0,600.0
2019-03-20,0.25,0.25,0.25,0.25,1.0,2000.0
2019-03-21,0.22499999999999998,0.22499999999999998,0.22499999999999998,0.22499999999999998,1.0,6000.0
2019-03-25,0.22499999999999998,0.22499999999999998,0.22499999999999998,0.22499999999999998,1.0,4000.0
2019-03-29,0.2,0.2,0.2,0.2,2.0,2600.0
2019-04-02,0.22499999999999998,0.2,0.2,0.22499999999999998,7.0,18000.0
2019-04-03,0.17500000000000002,0.17500000000000002,0.17500000000000002,0.17500000000000002,1.0,3400.0
2019-04-09,0.17500000000000002,0.17500000000000002,0.17500000000000002,0.17500000000000002,1.0,2800.0
2019-04-15,0.2,0.2,0.2,0.2,2.0,300.0
2019-04-18,0.2,0.2,0.2,0.2,4.0,19200.0
2019-04-22,0.22499999999999998,0.22499999999999998,0.22499999999999998,0.22499999999999998,1.0,200.0
2019-04-26,0.22499999999999998,0.22499999999999998,0.17500000000000002,0.22499999999999998,7.0,6000.0
2019-04-30,0.25,0.22499999999999998,0.22499999999999998,0.22499999999999998,3.0,12800.0
2019-05-01,0.2,0.2,0.2,0.2,1.0,1000.0
2019-05-02,0.22499999999999998,0.2,0.2,0.2,6.0,22050.2
2019-05-13,0.2,0.2,0.2,0.2,2.0,10000.0
2019-05-21,0.2,0.2,0.2,0.2,1.0,2000.0
2019-05-22,0.22499999999999998,0.22499999999999998,0.2,0.22499999999999998,4.0,8600.0
2019-05-29,0.22499999999999998,0.22499999999999998,0.17500000000000002,0.17500000000000002,8.0,23800.0
2019-05-30,0.2,0.2,0.17500000000000002,0.17500000000000002,9.0,73000.0
2019-05-31,0.2,0.2,0.2,0.2,3.0,34600.0
2019-06-03,0.22499999999999998,0.2,0.2,0.2,6.0,60000.0
2019-06-04,0.2,0.17500000000000002,0.17500000000000002,0.2,8.0,24614.4
2019-06-06,0.17500000000000002,0.17500000000000002,0.17500000000000002,0.17500000000000002,1.0,30200.0
2019-06-10,0.2,0.2,0.2,0.2,1.0,1600.0
2019-06-14,0.2,0.2,0.2,0.2,3.0,2714.4
2019-06-20,0.2,0.2,0.2,0.2,1.0,800.0
2019-06-21,0.2,0.17500000000000002,0.15,0.2,15.0,45000.0
2019-06-24,0.15,0.125,0.125,0.15,28.0,157628.0
2019-06-26,0.125,0.125,0.125,0.125,3.0,18000.0
2019-06-27,0.125,0.1,0.1,0.125,19.0,77600.0
2019-06-28,0.1,0.075,0.075,0.1,47.0,342693.6
2019-07-02,0.075,0.075,0.075,0.075,6.0,47600.0
2019-07-04,0.1,0.075,0.075,0.075,34.0,265001.2
2019-07-05,0.1,0.075,0.075,0.075,56.0,820477.6
2019-07-08,0.125,0.1,0.1,0.1,103.0,1894550.8
2019-07-09,0.125,0.1,0.1,0.1,23.0,668463.0
2019-07-10,0.125,0.125,0.1,0.1,9.0,16995.0
2019-07-11,0.125,0.1,0.1,0.125,8.0,15400.0
2019-07-15,0.1,0.1,0.1,0.1,2.0,1400.0
2019-07-16,0.125,0.1,0.1,0.125,11.0,99825.0
2019-07-19,0.1,0.075,0.075,0.1,8.0,86200.0
2019-07-22,0.075,0.075,0.075,0.075,12.0,81600.0
2019-07-23,0.1,0.1,0.075,0.1,8.0,49560.0
2019-07-24,0.1,0.1,0.1,0.1,8.0,37700.0
2019-07-25,0.075,0.075,0.075,0.075,34.0,258793.2
2019-07-26,0.1,0.1,0.075,0.075,35.0,744800.0
2019-07-29,0.1,0.1,0.1,0.1,9.0,48400.0
2019-07-30,0.1,0.1,0.1,0.1,3.0,106000.0
2019-07-31,0.1,0.1,0.1,0.1,5.0,8200.0
2019-08-01,0.1,0.075,0.075,0.1,3.0,6560.0
2019-08-02,0.1,0.1,0.1,0.1,1.0,600.0
2019-08-07,0.075,0.075,0.075,0.075,1.0,2000.0
2019-08-08,0.075,0.075,0.075,0.075,9.0,72631.4
2019-08-09,0.075,0.075,0.075,0.075,3.0,4600.0
2019-08-12,0.075,0.075,0.075,0.075,9.0,76460.0
2019-08-13,0.1,0.1,0.075,0.075,14.0,65000.0
2019-08-14,0.075,0.075,0.05,0.05,25.0,136711.8
2019-08-15,0.075,0.075,0.0625,0.075,5.0,4400.0
2019-08-16,0.05,0.05,0.05,0.05,1.0,200.0
2019-08-19,0.075,0.075,0.075,0.075,5.0,65300.0
